<eventScriptManager>
   <events>
      <scriptedEvent>
         <executiontime>1</executiontime>
         <event class="infection.InfectEvent">
            <playerID>Agent0000</playerID>
         </event>
         <uuidstring>7347404a-7f29-45b6-8b0e-4db956ced3c7</uuidstring>
      </scriptedEvent>
   </events>
   <preevents>
      <scriptedEvent>
         <executiontime>-1</executiontime>
         <event class="presage.events.CoreEvents$ActivateParticipant">
            <participantname>Agent0000</participantname>
         </event>
         <uuidstring>755319c9-d449-4957-b7a1-5e255a0712d5</uuidstring>
      </scriptedEvent>
      <scriptedEvent>
         <executiontime>-1</executiontime>
         <event class="presage.events.CoreEvents$ActivateParticipant">
            <participantname>Agent0001</participantname>
         </event>
         <uuidstring>a75536a2-5445-4a57-b412-ebada8e83437</uuidstring>
      </scriptedEvent>
      <scriptedEvent>
         <executiontime>-1</executiontime>
         <event class="presage.events.CoreEvents$ActivateParticipant">
            <participantname>Agent0002</participantname>
         </event>
         <uuidstring>a022e994-dd04-4f12-8186-4eb7bea75fbb</uuidstring>
      </scriptedEvent>
      <scriptedEvent>
         <executiontime>-1</executiontime>
         <event class="presage.events.CoreEvents$ActivateParticipant">
            <participantname>Agent0003</participantname>
         </event>
         <uuidstring>11f8f2aa-a71f-459e-822c-71925c8657b7</uuidstring>
      </scriptedEvent>
      <scriptedEvent>
         <executiontime>-1</executiontime>
         <event class="presage.events.CoreEvents$ActivateParticipant">
            <participantname>Agent0004</participantname>
         </event>
         <uuidstring>7e9f5fa0-f8e9-4328-adbb-a3fb1d53ba1d</uuidstring>
      </scriptedEvent>
      <scriptedEvent>
         <executiontime>-1</executiontime>
         <event class="presage.events.CoreEvents$ActivateParticipant">
            <participantname>Agent0005</participantname>
         </event>
         <uuidstring>80f6ae40-62bb-4997-b1a8-41b29c197e20</uuidstring>
      </scriptedEvent>
      <scriptedEvent>
         <executiontime>-1</executiontime>
         <event class="presage.events.CoreEvents$ActivateParticipant">
            <participantname>Agent0006</participantname>
         </event>
         <uuidstring>987a7c6f-d7ed-4d03-a1f8-6bb2c790104a</uuidstring>
      </scriptedEvent>
      <scriptedEvent>
         <executiontime>-1</executiontime>
         <event class="presage.events.CoreEvents$ActivateParticipant">
            <participantname>Agent0007</participantname>
         </event>
         <uuidstring>1bfff644-7707-427c-84ea-5523ac0217ec</uuidstring>
      </scriptedEvent>
      <scriptedEvent>
         <executiontime>-1</executiontime>
         <event class="presage.events.CoreEvents$ActivateParticipant">
            <participantname>Agent0008</participantname>
         </event>
         <uuidstring>d59221fa-9e05-4c74-988b-28a927c1408b</uuidstring>
      </scriptedEvent>
      <scriptedEvent>
         <executiontime>-1</executiontime>
         <event class="presage.events.CoreEvents$ActivateParticipant">
            <participantname>Agent0009</participantname>
         </event>
         <uuidstring>11b81e38-911a-4b89-89d1-f6b61f77f0bb</uuidstring>
      </scriptedEvent>
      <scriptedEvent>
         <executiontime>-1</executiontime>
         <event class="presage.events.CoreEvents$ActivateParticipant">
            <participantname>Agent0010</participantname>
         </event>
         <uuidstring>2db0ca2c-c99d-4a1d-88c8-591b3468d024</uuidstring>
      </scriptedEvent>
      <scriptedEvent>
         <executiontime>-1</executiontime>
         <event class="presage.events.CoreEvents$ActivateParticipant">
            <participantname>Agent0011</participantname>
         </event>
         <uuidstring>b3a3d96c-12c9-4649-8a2e-756457a4b317</uuidstring>
      </scriptedEvent>
      <scriptedEvent>
         <executiontime>-1</executiontime>
         <event class="presage.events.CoreEvents$ActivateParticipant">
            <participantname>Agent0012</participantname>
         </event>
         <uuidstring>df94365d-8cd6-47d3-a8d0-6bcda670182f</uuidstring>
      </scriptedEvent>
      <scriptedEvent>
         <executiontime>-1</executiontime>
         <event class="presage.events.CoreEvents$ActivateParticipant">
            <participantname>Agent0013</participantname>
         </event>
         <uuidstring>fdad5ffc-6c5d-4486-8690-df856ce39e9f</uuidstring>
      </scriptedEvent>
      <scriptedEvent>
         <executiontime>-1</executiontime>
         <event class="presage.events.CoreEvents$ActivateParticipant">
            <participantname>Agent0014</participantname>
         </event>
         <uuidstring>ac444b9d-e1fc-45c9-aed3-a3b61833f5e5</uuidstring>
      </scriptedEvent>
      <scriptedEvent>
         <executiontime>-1</executiontime>
         <event class="presage.events.CoreEvents$ActivateParticipant">
            <participantname>Agent0015</participantname>
         </event>
         <uuidstring>39934de7-074e-423a-bbcf-265234274bd4</uuidstring>
      </scriptedEvent>
      <scriptedEvent>
         <executiontime>-1</executiontime>
         <event class="presage.events.CoreEvents$ActivateParticipant">
            <participantname>Agent0016</participantname>
         </event>
         <uuidstring>929d7003-4dab-476b-8578-c67a087a9e4a</uuidstring>
      </scriptedEvent>
      <scriptedEvent>
         <executiontime>-1</executiontime>
         <event class="presage.events.CoreEvents$ActivateParticipant">
            <participantname>Agent0017</participantname>
         </event>
         <uuidstring>d652f45a-28e7-4f78-aa1d-1306c0bdfcd0</uuidstring>
      </scriptedEvent>
      <scriptedEvent>
         <executiontime>-1</executiontime>
         <event class="presage.events.CoreEvents$ActivateParticipant">
            <participantname>Agent0018</participantname>
         </event>
         <uuidstring>696da60d-00b4-4a1e-b8da-6d5db1cbb923</uuidstring>
      </scriptedEvent>
      <scriptedEvent>
         <executiontime>-1</executiontime>
         <event class="presage.events.CoreEvents$ActivateParticipant">
            <participantname>Agent0019</participantname>
         </event>
         <uuidstring>657ac59f-a870-40cf-b9ca-375341e355c6</uuidstring>
      </scriptedEvent>
      <scriptedEvent>
         <executiontime>-1</executiontime>
         <event class="presage.events.CoreEvents$ActivateParticipant">
            <participantname>Agent0020</participantname>
         </event>
         <uuidstring>fc497a2c-83ed-4e62-be19-f82cc8f89a81</uuidstring>
      </scriptedEvent>
      <scriptedEvent>
         <executiontime>-1</executiontime>
         <event class="presage.events.CoreEvents$ActivateParticipant">
            <participantname>Agent0021</participantname>
         </event>
         <uuidstring>ae1a6566-9bb8-47b0-ac40-1706438c2516</uuidstring>
      </scriptedEvent>
      <scriptedEvent>
         <executiontime>-1</executiontime>
         <event class="presage.events.CoreEvents$ActivateParticipant">
            <participantname>Agent0022</participantname>
         </event>
         <uuidstring>773e977e-1f97-4400-bf20-de03e8737006</uuidstring>
      </scriptedEvent>
      <scriptedEvent>
         <executiontime>-1</executiontime>
         <event class="presage.events.CoreEvents$ActivateParticipant">
            <participantname>Agent0023</participantname>
         </event>
         <uuidstring>035bcd66-793a-4b8e-b2b0-36fe389c9b89</uuidstring>
      </scriptedEvent>
      <scriptedEvent>
         <executiontime>-1</executiontime>
         <event class="presage.events.CoreEvents$ActivateParticipant">
            <participantname>Agent0024</participantname>
         </event>
         <uuidstring>651a73fa-0ff1-4816-a4e7-be0c4bf1401e</uuidstring>
      </scriptedEvent>
      <scriptedEvent>
         <executiontime>-1</executiontime>
         <event class="presage.events.CoreEvents$ActivateParticipant">
            <participantname>Agent0025</participantname>
         </event>
         <uuidstring>074a2d50-f10a-401d-8cc2-46ddc2506b68</uuidstring>
      </scriptedEvent>
      <scriptedEvent>
         <executiontime>-1</executiontime>
         <event class="presage.events.CoreEvents$ActivateParticipant">
            <participantname>Agent0026</participantname>
         </event>
         <uuidstring>deced0ca-791f-4d00-8d39-a6f4cd82cc43</uuidstring>
      </scriptedEvent>
      <scriptedEvent>
         <executiontime>-1</executiontime>
         <event class="presage.events.CoreEvents$ActivateParticipant">
            <participantname>Agent0027</participantname>
         </event>
         <uuidstring>fcdde76d-269a-4b28-b46f-568568e89f5f</uuidstring>
      </scriptedEvent>
      <scriptedEvent>
         <executiontime>-1</executiontime>
         <event class="presage.events.CoreEvents$ActivateParticipant">
            <participantname>Agent0028</participantname>
         </event>
         <uuidstring>3ad965fb-97fc-4180-88b7-ae74dbac3198</uuidstring>
      </scriptedEvent>
      <scriptedEvent>
         <executiontime>-1</executiontime>
         <event class="presage.events.CoreEvents$ActivateParticipant">
            <participantname>Agent0029</participantname>
         </event>
         <uuidstring>aefb4ad2-ddc4-459f-ac25-37c44715fd9d</uuidstring>
      </scriptedEvent>
      <scriptedEvent>
         <executiontime>-1</executiontime>
         <event class="presage.events.CoreEvents$ActivateParticipant">
            <participantname>Agent0030</participantname>
         </event>
         <uuidstring>6470732c-0a4b-4826-9c54-e9ba02807bdb</uuidstring>
      </scriptedEvent>
      <scriptedEvent>
         <executiontime>-1</executiontime>
         <event class="presage.events.CoreEvents$ActivateParticipant">
            <participantname>Agent0031</participantname>
         </event>
         <uuidstring>d7a8bf8d-76cf-4a76-abff-c1b62075d005</uuidstring>
      </scriptedEvent>
      <scriptedEvent>
         <executiontime>-1</executiontime>
         <event class="presage.events.CoreEvents$ActivateParticipant">
            <participantname>Agent0032</participantname>
         </event>
         <uuidstring>9189c348-e80e-4a59-8a8d-28a2b5bec83d</uuidstring>
      </scriptedEvent>
      <scriptedEvent>
         <executiontime>-1</executiontime>
         <event class="presage.events.CoreEvents$ActivateParticipant">
            <participantname>Agent0033</participantname>
         </event>
         <uuidstring>ad5acb4c-5a36-4484-ba83-bbf03f3f683f</uuidstring>
      </scriptedEvent>
      <scriptedEvent>
         <executiontime>-1</executiontime>
         <event class="presage.events.CoreEvents$ActivateParticipant">
            <participantname>Agent0034</participantname>
         </event>
         <uuidstring>4f356730-48f3-442b-a09d-3512938f4cff</uuidstring>
      </scriptedEvent>
      <scriptedEvent>
         <executiontime>-1</executiontime>
         <event class="presage.events.CoreEvents$ActivateParticipant">
            <participantname>Agent0035</participantname>
         </event>
         <uuidstring>d75c242f-b024-4872-8b9a-15c07ecf4e36</uuidstring>
      </scriptedEvent>
      <scriptedEvent>
         <executiontime>-1</executiontime>
         <event class="presage.events.CoreEvents$ActivateParticipant">
            <participantname>Agent0036</participantname>
         </event>
         <uuidstring>9031464a-23d5-4bb6-9832-a789b2bf1884</uuidstring>
      </scriptedEvent>
      <scriptedEvent>
         <executiontime>-1</executiontime>
         <event class="presage.events.CoreEvents$ActivateParticipant">
            <participantname>Agent0037</participantname>
         </event>
         <uuidstring>893d54d6-5b80-446e-83e6-409a88d93311</uuidstring>
      </scriptedEvent>
      <scriptedEvent>
         <executiontime>-1</executiontime>
         <event class="presage.events.CoreEvents$ActivateParticipant">
            <participantname>Agent0038</participantname>
         </event>
         <uuidstring>69a5de38-74e7-45cc-8f6a-922a01d5033c</uuidstring>
      </scriptedEvent>
      <scriptedEvent>
         <executiontime>-1</executiontime>
         <event class="presage.events.CoreEvents$ActivateParticipant">
            <participantname>Agent0039</participantname>
         </event>
         <uuidstring>7a6e41ad-06bb-4300-881d-99efae23b727</uuidstring>
      </scriptedEvent>
      <scriptedEvent>
         <executiontime>-1</executiontime>
         <event class="presage.events.CoreEvents$ActivateParticipant">
            <participantname>Agent0040</participantname>
         </event>
         <uuidstring>af905040-ed21-4801-aa6c-af5243eb8876</uuidstring>
      </scriptedEvent>
      <scriptedEvent>
         <executiontime>-1</executiontime>
         <event class="presage.events.CoreEvents$ActivateParticipant">
            <participantname>Agent0041</participantname>
         </event>
         <uuidstring>a7d3b9de-8db6-4707-a014-21912cdc8431</uuidstring>
      </scriptedEvent>
      <scriptedEvent>
         <executiontime>-1</executiontime>
         <event class="presage.events.CoreEvents$ActivateParticipant">
            <participantname>Agent0042</participantname>
         </event>
         <uuidstring>777adee2-e673-4249-91e5-06a0b646be88</uuidstring>
      </scriptedEvent>
      <scriptedEvent>
         <executiontime>-1</executiontime>
         <event class="presage.events.CoreEvents$ActivateParticipant">
            <participantname>Agent0043</participantname>
         </event>
         <uuidstring>9ad6b7d5-52a3-45ab-a3af-5c045034d18f</uuidstring>
      </scriptedEvent>
      <scriptedEvent>
         <executiontime>-1</executiontime>
         <event class="presage.events.CoreEvents$ActivateParticipant">
            <participantname>Agent0044</participantname>
         </event>
         <uuidstring>a6944542-9bae-4612-9126-3f86b1369e9c</uuidstring>
      </scriptedEvent>
      <scriptedEvent>
         <executiontime>-1</executiontime>
         <event class="presage.events.CoreEvents$ActivateParticipant">
            <participantname>Agent0045</participantname>
         </event>
         <uuidstring>41adc659-7ce7-4947-bd9d-ebd38d7b74b5</uuidstring>
      </scriptedEvent>
      <scriptedEvent>
         <executiontime>-1</executiontime>
         <event class="presage.events.CoreEvents$ActivateParticipant">
            <participantname>Agent0046</participantname>
         </event>
         <uuidstring>e58af98c-03ed-4c72-9ec9-9993d7186360</uuidstring>
      </scriptedEvent>
      <scriptedEvent>
         <executiontime>-1</executiontime>
         <event class="presage.events.CoreEvents$ActivateParticipant">
            <participantname>Agent0047</participantname>
         </event>
         <uuidstring>0acb6d37-c436-4252-ad95-0958e5a106c2</uuidstring>
      </scriptedEvent>
      <scriptedEvent>
         <executiontime>-1</executiontime>
         <event class="presage.events.CoreEvents$ActivateParticipant">
            <participantname>Agent0048</participantname>
         </event>
         <uuidstring>84dfc19f-8ced-4431-9bf0-554bda3ce195</uuidstring>
      </scriptedEvent>
      <scriptedEvent>
         <executiontime>-1</executiontime>
         <event class="presage.events.CoreEvents$ActivateParticipant">
            <participantname>Agent0049</participantname>
         </event>
         <uuidstring>3c5d8217-5573-425d-8594-a740143cb661</uuidstring>
      </scriptedEvent>
      <scriptedEvent>
         <executiontime>-1</executiontime>
         <event class="presage.events.CoreEvents$ActivateParticipant">
            <participantname>Agent0050</participantname>
         </event>
         <uuidstring>150c0207-c44d-43b5-a23a-50fe0d795064</uuidstring>
      </scriptedEvent>
      <scriptedEvent>
         <executiontime>-1</executiontime>
         <event class="presage.events.CoreEvents$ActivateParticipant">
            <participantname>Agent0051</participantname>
         </event>
         <uuidstring>b4f078b2-2833-41f1-8976-709726588cff</uuidstring>
      </scriptedEvent>
      <scriptedEvent>
         <executiontime>-1</executiontime>
         <event class="presage.events.CoreEvents$ActivateParticipant">
            <participantname>Agent0052</participantname>
         </event>
         <uuidstring>55f3fb4b-7219-4bcf-8621-e412e3a467d7</uuidstring>
      </scriptedEvent>
      <scriptedEvent>
         <executiontime>-1</executiontime>
         <event class="presage.events.CoreEvents$ActivateParticipant">
            <participantname>Agent0053</participantname>
         </event>
         <uuidstring>f6260f78-6ebe-4550-9fe7-931efa592cce</uuidstring>
      </scriptedEvent>
      <scriptedEvent>
         <executiontime>-1</executiontime>
         <event class="presage.events.CoreEvents$ActivateParticipant">
            <participantname>Agent0054</participantname>
         </event>
         <uuidstring>db4acb52-b05a-43b0-bcc5-2d54f7292305</uuidstring>
      </scriptedEvent>
      <scriptedEvent>
         <executiontime>-1</executiontime>
         <event class="presage.events.CoreEvents$ActivateParticipant">
            <participantname>Agent0055</participantname>
         </event>
         <uuidstring>f8071aae-7058-40e0-ba9e-3fac833f7fbc</uuidstring>
      </scriptedEvent>
      <scriptedEvent>
         <executiontime>-1</executiontime>
         <event class="presage.events.CoreEvents$ActivateParticipant">
            <participantname>Agent0056</participantname>
         </event>
         <uuidstring>202985dd-069a-4158-85d2-cb2ba17eb32d</uuidstring>
      </scriptedEvent>
      <scriptedEvent>
         <executiontime>-1</executiontime>
         <event class="presage.events.CoreEvents$ActivateParticipant">
            <participantname>Agent0057</participantname>
         </event>
         <uuidstring>ac844815-7b99-425e-8f95-cf91ab2bf208</uuidstring>
      </scriptedEvent>
      <scriptedEvent>
         <executiontime>-1</executiontime>
         <event class="presage.events.CoreEvents$ActivateParticipant">
            <participantname>Agent0058</participantname>
         </event>
         <uuidstring>7d3a7393-f443-4b2a-9964-8dbdc9a4e2f7</uuidstring>
      </scriptedEvent>
      <scriptedEvent>
         <executiontime>-1</executiontime>
         <event class="presage.events.CoreEvents$ActivateParticipant">
            <participantname>Agent0059</participantname>
         </event>
         <uuidstring>b3a3965f-de73-4c6b-aa21-aaa4199aa9cb</uuidstring>
      </scriptedEvent>
      <scriptedEvent>
         <executiontime>-1</executiontime>
         <event class="presage.events.CoreEvents$ActivateParticipant">
            <participantname>Agent0060</participantname>
         </event>
         <uuidstring>fb084f40-44b7-4a7e-ab0c-d07e4364a095</uuidstring>
      </scriptedEvent>
      <scriptedEvent>
         <executiontime>-1</executiontime>
         <event class="presage.events.CoreEvents$ActivateParticipant">
            <participantname>Agent0061</participantname>
         </event>
         <uuidstring>66151099-cdba-468a-993a-08481c5bd4a1</uuidstring>
      </scriptedEvent>
      <scriptedEvent>
         <executiontime>-1</executiontime>
         <event class="presage.events.CoreEvents$ActivateParticipant">
            <participantname>Agent0062</participantname>
         </event>
         <uuidstring>6e7c40e9-db7b-4a0c-b1e6-5afa94f515dd</uuidstring>
      </scriptedEvent>
      <scriptedEvent>
         <executiontime>-1</executiontime>
         <event class="presage.events.CoreEvents$ActivateParticipant">
            <participantname>Agent0063</participantname>
         </event>
         <uuidstring>f3f8349e-2ed8-483e-8778-dc2607d4dd3b</uuidstring>
      </scriptedEvent>
      <scriptedEvent>
         <executiontime>-1</executiontime>
         <event class="presage.events.CoreEvents$ActivateParticipant">
            <participantname>Agent0064</participantname>
         </event>
         <uuidstring>f5d2d6f8-2a03-4b4c-9aac-a8cb2fd869df</uuidstring>
      </scriptedEvent>
      <scriptedEvent>
         <executiontime>-1</executiontime>
         <event class="presage.events.CoreEvents$ActivateParticipant">
            <participantname>Agent0065</participantname>
         </event>
         <uuidstring>b9f04c10-a04c-4380-ab15-04fad909b015</uuidstring>
      </scriptedEvent>
      <scriptedEvent>
         <executiontime>-1</executiontime>
         <event class="presage.events.CoreEvents$ActivateParticipant">
            <participantname>Agent0066</participantname>
         </event>
         <uuidstring>d5a15263-0967-4131-9f73-dd10e3fca494</uuidstring>
      </scriptedEvent>
      <scriptedEvent>
         <executiontime>-1</executiontime>
         <event class="presage.events.CoreEvents$ActivateParticipant">
            <participantname>Agent0067</participantname>
         </event>
         <uuidstring>2cbd5528-f336-4f8e-a8af-d0c6b14d8f08</uuidstring>
      </scriptedEvent>
      <scriptedEvent>
         <executiontime>-1</executiontime>
         <event class="presage.events.CoreEvents$ActivateParticipant">
            <participantname>Agent0068</participantname>
         </event>
         <uuidstring>59229fb3-d334-4f63-81de-fa132c387670</uuidstring>
      </scriptedEvent>
      <scriptedEvent>
         <executiontime>-1</executiontime>
         <event class="presage.events.CoreEvents$ActivateParticipant">
            <participantname>Agent0069</participantname>
         </event>
         <uuidstring>e4b2c542-b891-46bf-8cc4-8977c39ed96f</uuidstring>
      </scriptedEvent>
      <scriptedEvent>
         <executiontime>-1</executiontime>
         <event class="presage.events.CoreEvents$ActivateParticipant">
            <participantname>Agent0070</participantname>
         </event>
         <uuidstring>d3e897b1-e1dc-4dc9-bca0-b83105f0fdc3</uuidstring>
      </scriptedEvent>
      <scriptedEvent>
         <executiontime>-1</executiontime>
         <event class="presage.events.CoreEvents$ActivateParticipant">
            <participantname>Agent0071</participantname>
         </event>
         <uuidstring>644daaad-3283-4390-b2ca-66e9d362a50e</uuidstring>
      </scriptedEvent>
      <scriptedEvent>
         <executiontime>-1</executiontime>
         <event class="presage.events.CoreEvents$ActivateParticipant">
            <participantname>Agent0072</participantname>
         </event>
         <uuidstring>386f8172-021f-4964-bec8-dac7d1cc4e3c</uuidstring>
      </scriptedEvent>
      <scriptedEvent>
         <executiontime>-1</executiontime>
         <event class="presage.events.CoreEvents$ActivateParticipant">
            <participantname>Agent0073</participantname>
         </event>
         <uuidstring>a7661aae-74e9-4618-86eb-354837f22958</uuidstring>
      </scriptedEvent>
      <scriptedEvent>
         <executiontime>-1</executiontime>
         <event class="presage.events.CoreEvents$ActivateParticipant">
            <participantname>Agent0074</participantname>
         </event>
         <uuidstring>c14d572b-cd7b-4edc-84fe-762dfb6b1f15</uuidstring>
      </scriptedEvent>
      <scriptedEvent>
         <executiontime>-1</executiontime>
         <event class="presage.events.CoreEvents$ActivateParticipant">
            <participantname>Agent0075</participantname>
         </event>
         <uuidstring>9f60785f-38b7-46c1-ac69-584f0dfb4d97</uuidstring>
      </scriptedEvent>
      <scriptedEvent>
         <executiontime>-1</executiontime>
         <event class="presage.events.CoreEvents$ActivateParticipant">
            <participantname>Agent0076</participantname>
         </event>
         <uuidstring>82605929-c59c-4c17-a06f-b5a405083490</uuidstring>
      </scriptedEvent>
      <scriptedEvent>
         <executiontime>-1</executiontime>
         <event class="presage.events.CoreEvents$ActivateParticipant">
            <participantname>Agent0077</participantname>
         </event>
         <uuidstring>3442bbc5-54db-403c-ab1a-e8bdfbdd3023</uuidstring>
      </scriptedEvent>
      <scriptedEvent>
         <executiontime>-1</executiontime>
         <event class="presage.events.CoreEvents$ActivateParticipant">
            <participantname>Agent0078</participantname>
         </event>
         <uuidstring>13915ca9-edb1-4acf-b041-1804b57f7cd1</uuidstring>
      </scriptedEvent>
      <scriptedEvent>
         <executiontime>-1</executiontime>
         <event class="presage.events.CoreEvents$ActivateParticipant">
            <participantname>Agent0079</participantname>
         </event>
         <uuidstring>115f0990-a9ce-4fdf-a133-fc136cef0c05</uuidstring>
      </scriptedEvent>
      <scriptedEvent>
         <executiontime>-1</executiontime>
         <event class="presage.events.CoreEvents$ActivateParticipant">
            <participantname>Agent0080</participantname>
         </event>
         <uuidstring>a3375c9a-2b82-44f5-be81-3975f5f4482d</uuidstring>
      </scriptedEvent>
      <scriptedEvent>
         <executiontime>-1</executiontime>
         <event class="presage.events.CoreEvents$ActivateParticipant">
            <participantname>Agent0081</participantname>
         </event>
         <uuidstring>0b8ae890-0dab-4c50-bf98-539779b613fe</uuidstring>
      </scriptedEvent>
      <scriptedEvent>
         <executiontime>-1</executiontime>
         <event class="presage.events.CoreEvents$ActivateParticipant">
            <participantname>Agent0082</participantname>
         </event>
         <uuidstring>65b8f243-5532-4cd3-b258-22ab6c88cf1e</uuidstring>
      </scriptedEvent>
      <scriptedEvent>
         <executiontime>-1</executiontime>
         <event class="presage.events.CoreEvents$ActivateParticipant">
            <participantname>Agent0083</participantname>
         </event>
         <uuidstring>d8aa77cf-633a-45b1-8b1c-0171e6de97ad</uuidstring>
      </scriptedEvent>
      <scriptedEvent>
         <executiontime>-1</executiontime>
         <event class="presage.events.CoreEvents$ActivateParticipant">
            <participantname>Agent0084</participantname>
         </event>
         <uuidstring>86d9649d-cfb2-4a48-a960-b4e58a1312aa</uuidstring>
      </scriptedEvent>
      <scriptedEvent>
         <executiontime>-1</executiontime>
         <event class="presage.events.CoreEvents$ActivateParticipant">
            <participantname>Agent0085</participantname>
         </event>
         <uuidstring>185e83c6-2d06-4b9b-be8c-b6fd4c1cfd46</uuidstring>
      </scriptedEvent>
      <scriptedEvent>
         <executiontime>-1</executiontime>
         <event class="presage.events.CoreEvents$ActivateParticipant">
            <participantname>Agent0086</participantname>
         </event>
         <uuidstring>e7dfe2d4-da65-4951-9fd3-8e11e54f7e40</uuidstring>
      </scriptedEvent>
      <scriptedEvent>
         <executiontime>-1</executiontime>
         <event class="presage.events.CoreEvents$ActivateParticipant">
            <participantname>Agent0087</participantname>
         </event>
         <uuidstring>a3f1de07-dbfe-45ef-95fd-b705f229a233</uuidstring>
      </scriptedEvent>
      <scriptedEvent>
         <executiontime>-1</executiontime>
         <event class="presage.events.CoreEvents$ActivateParticipant">
            <participantname>Agent0088</participantname>
         </event>
         <uuidstring>0e1b2aeb-c14c-47d0-adc3-47220e90fab3</uuidstring>
      </scriptedEvent>
      <scriptedEvent>
         <executiontime>-1</executiontime>
         <event class="presage.events.CoreEvents$ActivateParticipant">
            <participantname>Agent0089</participantname>
         </event>
         <uuidstring>e1f2f72d-e030-4add-93c0-e66d0c2b5970</uuidstring>
      </scriptedEvent>
      <scriptedEvent>
         <executiontime>-1</executiontime>
         <event class="presage.events.CoreEvents$ActivateParticipant">
            <participantname>Agent0090</participantname>
         </event>
         <uuidstring>8e9575ef-8f89-4400-b48f-ce0f232a1bbe</uuidstring>
      </scriptedEvent>
      <scriptedEvent>
         <executiontime>-1</executiontime>
         <event class="presage.events.CoreEvents$ActivateParticipant">
            <participantname>Agent0091</participantname>
         </event>
         <uuidstring>0df2e010-9def-431f-835a-eaae5d67bddb</uuidstring>
      </scriptedEvent>
      <scriptedEvent>
         <executiontime>-1</executiontime>
         <event class="presage.events.CoreEvents$ActivateParticipant">
            <participantname>Agent0092</participantname>
         </event>
         <uuidstring>cbab46de-3211-4536-85a4-89ac0c7444fb</uuidstring>
      </scriptedEvent>
      <scriptedEvent>
         <executiontime>-1</executiontime>
         <event class="presage.events.CoreEvents$ActivateParticipant">
            <participantname>Agent0093</participantname>
         </event>
         <uuidstring>f3081de5-d0a3-41a2-93b6-94d73f0594a3</uuidstring>
      </scriptedEvent>
      <scriptedEvent>
         <executiontime>-1</executiontime>
         <event class="presage.events.CoreEvents$ActivateParticipant">
            <participantname>Agent0094</participantname>
         </event>
         <uuidstring>c995d499-2c93-45ad-9f6e-ce44b8c70180</uuidstring>
      </scriptedEvent>
      <scriptedEvent>
         <executiontime>-1</executiontime>
         <event class="presage.events.CoreEvents$ActivateParticipant">
            <participantname>Agent0095</participantname>
         </event>
         <uuidstring>1355b247-7f06-4511-8b34-2d7dd1f644ce</uuidstring>
      </scriptedEvent>
      <scriptedEvent>
         <executiontime>-1</executiontime>
         <event class="presage.events.CoreEvents$ActivateParticipant">
            <participantname>Agent0096</participantname>
         </event>
         <uuidstring>eaa111c9-d5c2-452e-b366-c9f649e8bbea</uuidstring>
      </scriptedEvent>
      <scriptedEvent>
         <executiontime>-1</executiontime>
         <event class="presage.events.CoreEvents$ActivateParticipant">
            <participantname>Agent0097</participantname>
         </event>
         <uuidstring>844ce547-f1a9-4c18-9513-e46554bb29e2</uuidstring>
      </scriptedEvent>
      <scriptedEvent>
         <executiontime>-1</executiontime>
         <event class="presage.events.CoreEvents$ActivateParticipant">
            <participantname>Agent0098</participantname>
         </event>
         <uuidstring>665d246a-4212-4827-a93d-367fb1172765</uuidstring>
      </scriptedEvent>
      <scriptedEvent>
         <executiontime>-1</executiontime>
         <event class="presage.events.CoreEvents$ActivateParticipant">
            <participantname>Agent0099</participantname>
         </event>
         <uuidstring>575741ce-6f9c-4dcd-8040-eade6b7f19d6</uuidstring>
      </scriptedEvent>
   </preevents>
   <postevents/>
</eventScriptManager>