<participantWrapper>
   <treemap>
      <entry>
         <string>Agent0000</string>
         <participant class="infection.Agent">
            <dm>
               <myId>Agent0000</myId>
               <time>0</time>
               <roles>
                  <string>agent</string>
               </roles>
               <playerClass>infection.Agent</playerClass>
               <myrolesString>&lt;agent&gt;</myrolesString>
               <randomseed>4394282706879903395</randomseed>
               <infected>false</infected>
               <secured>false</secured>
            </dm>
         </participant>
      </entry>
      <entry>
         <string>Agent0001</string>
         <participant class="infection.Agent">
            <dm>
               <myId>Agent0001</myId>
               <time>0</time>
               <roles>
                  <string>agent</string>
               </roles>
               <playerClass>infection.Agent</playerClass>
               <myrolesString>&lt;agent&gt;</myrolesString>
               <randomseed>8066793506091516752</randomseed>
               <infected>false</infected>
               <secured>false</secured>
            </dm>
         </participant>
      </entry>
      <entry>
         <string>Agent0002</string>
         <participant class="infection.Agent">
            <dm>
               <myId>Agent0002</myId>
               <time>0</time>
               <roles>
                  <string>agent</string>
               </roles>
               <playerClass>infection.Agent</playerClass>
               <myrolesString>&lt;agent&gt;</myrolesString>
               <randomseed>8485214239485023972</randomseed>
               <infected>false</infected>
               <secured>false</secured>
            </dm>
         </participant>
      </entry>
      <entry>
         <string>Agent0003</string>
         <participant class="infection.Agent">
            <dm>
               <myId>Agent0003</myId>
               <time>0</time>
               <roles>
                  <string>agent</string>
               </roles>
               <playerClass>infection.Agent</playerClass>
               <myrolesString>&lt;agent&gt;</myrolesString>
               <randomseed>6625110404643053395</randomseed>
               <infected>false</infected>
               <secured>false</secured>
            </dm>
         </participant>
      </entry>
      <entry>
         <string>Agent0004</string>
         <participant class="infection.Agent">
            <dm>
               <myId>Agent0004</myId>
               <time>0</time>
               <roles>
                  <string>agent</string>
               </roles>
               <playerClass>infection.Agent</playerClass>
               <myrolesString>&lt;agent&gt;</myrolesString>
               <randomseed>2610745448975233104</randomseed>
               <infected>false</infected>
               <secured>false</secured>
            </dm>
         </participant>
      </entry>
      <entry>
         <string>Agent0005</string>
         <participant class="infection.Agent">
            <dm>
               <myId>Agent0005</myId>
               <time>0</time>
               <roles>
                  <string>agent</string>
               </roles>
               <playerClass>infection.Agent</playerClass>
               <myrolesString>&lt;agent&gt;</myrolesString>
               <randomseed>-1681423218583908093</randomseed>
               <infected>false</infected>
               <secured>false</secured>
            </dm>
         </participant>
      </entry>
      <entry>
         <string>Agent0006</string>
         <participant class="infection.Agent">
            <dm>
               <myId>Agent0006</myId>
               <time>0</time>
               <roles>
                  <string>agent</string>
               </roles>
               <playerClass>infection.Agent</playerClass>
               <myrolesString>&lt;agent&gt;</myrolesString>
               <randomseed>-2255330444287709549</randomseed>
               <infected>false</infected>
               <secured>false</secured>
            </dm>
         </participant>
      </entry>
      <entry>
         <string>Agent0007</string>
         <participant class="infection.Agent">
            <dm>
               <myId>Agent0007</myId>
               <time>0</time>
               <roles>
                  <string>agent</string>
               </roles>
               <playerClass>infection.Agent</playerClass>
               <myrolesString>&lt;agent&gt;</myrolesString>
               <randomseed>5889736386760260619</randomseed>
               <infected>false</infected>
               <secured>false</secured>
            </dm>
         </participant>
      </entry>
      <entry>
         <string>Agent0008</string>
         <participant class="infection.Agent">
            <dm>
               <myId>Agent0008</myId>
               <time>0</time>
               <roles>
                  <string>agent</string>
               </roles>
               <playerClass>infection.Agent</playerClass>
               <myrolesString>&lt;agent&gt;</myrolesString>
               <randomseed>-8254685536920924312</randomseed>
               <infected>false</infected>
               <secured>false</secured>
            </dm>
         </participant>
      </entry>
      <entry>
         <string>Agent0009</string>
         <participant class="infection.Agent">
            <dm>
               <myId>Agent0009</myId>
               <time>0</time>
               <roles>
                  <string>agent</string>
               </roles>
               <playerClass>infection.Agent</playerClass>
               <myrolesString>&lt;agent&gt;</myrolesString>
               <randomseed>-5836596408506661676</randomseed>
               <infected>false</infected>
               <secured>false</secured>
            </dm>
         </participant>
      </entry>
      <entry>
         <string>Agent0010</string>
         <participant class="infection.Agent">
            <dm>
               <myId>Agent0010</myId>
               <time>0</time>
               <roles>
                  <string>agent</string>
               </roles>
               <playerClass>infection.Agent</playerClass>
               <myrolesString>&lt;agent&gt;</myrolesString>
               <randomseed>-998685884154352561</randomseed>
               <infected>false</infected>
               <secured>false</secured>
            </dm>
         </participant>
      </entry>
      <entry>
         <string>Agent0011</string>
         <participant class="infection.Agent">
            <dm>
               <myId>Agent0011</myId>
               <time>0</time>
               <roles>
                  <string>agent</string>
               </roles>
               <playerClass>infection.Agent</playerClass>
               <myrolesString>&lt;agent&gt;</myrolesString>
               <randomseed>-5600900684904737954</randomseed>
               <infected>false</infected>
               <secured>false</secured>
            </dm>
         </participant>
      </entry>
      <entry>
         <string>Agent0012</string>
         <participant class="infection.Agent">
            <dm>
               <myId>Agent0012</myId>
               <time>0</time>
               <roles>
                  <string>agent</string>
               </roles>
               <playerClass>infection.Agent</playerClass>
               <myrolesString>&lt;agent&gt;</myrolesString>
               <randomseed>-2757191397595763844</randomseed>
               <infected>false</infected>
               <secured>false</secured>
            </dm>
         </participant>
      </entry>
      <entry>
         <string>Agent0013</string>
         <participant class="infection.Agent">
            <dm>
               <myId>Agent0013</myId>
               <time>0</time>
               <roles>
                  <string>agent</string>
               </roles>
               <playerClass>infection.Agent</playerClass>
               <myrolesString>&lt;agent&gt;</myrolesString>
               <randomseed>-2157701116674429101</randomseed>
               <infected>false</infected>
               <secured>false</secured>
            </dm>
         </participant>
      </entry>
      <entry>
         <string>Agent0014</string>
         <participant class="infection.Agent">
            <dm>
               <myId>Agent0014</myId>
               <time>0</time>
               <roles>
                  <string>agent</string>
               </roles>
               <playerClass>infection.Agent</playerClass>
               <myrolesString>&lt;agent&gt;</myrolesString>
               <randomseed>-5557745563227173870</randomseed>
               <infected>false</infected>
               <secured>false</secured>
            </dm>
         </participant>
      </entry>
      <entry>
         <string>Agent0015</string>
         <participant class="infection.Agent">
            <dm>
               <myId>Agent0015</myId>
               <time>0</time>
               <roles>
                  <string>agent</string>
               </roles>
               <playerClass>infection.Agent</playerClass>
               <myrolesString>&lt;agent&gt;</myrolesString>
               <randomseed>4827365830312118617</randomseed>
               <infected>false</infected>
               <secured>false</secured>
            </dm>
         </participant>
      </entry>
      <entry>
         <string>Agent0016</string>
         <participant class="infection.Agent">
            <dm>
               <myId>Agent0016</myId>
               <time>0</time>
               <roles>
                  <string>agent</string>
               </roles>
               <playerClass>infection.Agent</playerClass>
               <myrolesString>&lt;agent&gt;</myrolesString>
               <randomseed>-7837222964244315760</randomseed>
               <infected>false</infected>
               <secured>false</secured>
            </dm>
         </participant>
      </entry>
      <entry>
         <string>Agent0017</string>
         <participant class="infection.Agent">
            <dm>
               <myId>Agent0017</myId>
               <time>0</time>
               <roles>
                  <string>agent</string>
               </roles>
               <playerClass>infection.Agent</playerClass>
               <myrolesString>&lt;agent&gt;</myrolesString>
               <randomseed>7037495145791014311</randomseed>
               <infected>false</infected>
               <secured>false</secured>
            </dm>
         </participant>
      </entry>
      <entry>
         <string>Agent0018</string>
         <participant class="infection.Agent">
            <dm>
               <myId>Agent0018</myId>
               <time>0</time>
               <roles>
                  <string>agent</string>
               </roles>
               <playerClass>infection.Agent</playerClass>
               <myrolesString>&lt;agent&gt;</myrolesString>
               <randomseed>-4221199074407591285</randomseed>
               <infected>false</infected>
               <secured>false</secured>
            </dm>
         </participant>
      </entry>
      <entry>
         <string>Agent0019</string>
         <participant class="infection.Agent">
            <dm>
               <myId>Agent0019</myId>
               <time>0</time>
               <roles>
                  <string>agent</string>
               </roles>
               <playerClass>infection.Agent</playerClass>
               <myrolesString>&lt;agent&gt;</myrolesString>
               <randomseed>1656794241958976475</randomseed>
               <infected>false</infected>
               <secured>false</secured>
            </dm>
         </participant>
      </entry>
      <entry>
         <string>Agent0020</string>
         <participant class="infection.Agent">
            <dm>
               <myId>Agent0020</myId>
               <time>0</time>
               <roles>
                  <string>agent</string>
               </roles>
               <playerClass>infection.Agent</playerClass>
               <myrolesString>&lt;agent&gt;</myrolesString>
               <randomseed>-6682136983463399779</randomseed>
               <infected>false</infected>
               <secured>false</secured>
            </dm>
         </participant>
      </entry>
      <entry>
         <string>Agent0021</string>
         <participant class="infection.Agent">
            <dm>
               <myId>Agent0021</myId>
               <time>0</time>
               <roles>
                  <string>agent</string>
               </roles>
               <playerClass>infection.Agent</playerClass>
               <myrolesString>&lt;agent&gt;</myrolesString>
               <randomseed>-7427870703782469623</randomseed>
               <infected>false</infected>
               <secured>false</secured>
            </dm>
         </participant>
      </entry>
      <entry>
         <string>Agent0022</string>
         <participant class="infection.Agent">
            <dm>
               <myId>Agent0022</myId>
               <time>0</time>
               <roles>
                  <string>agent</string>
               </roles>
               <playerClass>infection.Agent</playerClass>
               <myrolesString>&lt;agent&gt;</myrolesString>
               <randomseed>-2533304890676875363</randomseed>
               <infected>false</infected>
               <secured>false</secured>
            </dm>
         </participant>
      </entry>
      <entry>
         <string>Agent0023</string>
         <participant class="infection.Agent">
            <dm>
               <myId>Agent0023</myId>
               <time>0</time>
               <roles>
                  <string>agent</string>
               </roles>
               <playerClass>infection.Agent</playerClass>
               <myrolesString>&lt;agent&gt;</myrolesString>
               <randomseed>-457691988132165353</randomseed>
               <infected>false</infected>
               <secured>false</secured>
            </dm>
         </participant>
      </entry>
      <entry>
         <string>Agent0024</string>
         <participant class="infection.Agent">
            <dm>
               <myId>Agent0024</myId>
               <time>0</time>
               <roles>
                  <string>agent</string>
               </roles>
               <playerClass>infection.Agent</playerClass>
               <myrolesString>&lt;agent&gt;</myrolesString>
               <randomseed>-6789620093067494896</randomseed>
               <infected>false</infected>
               <secured>false</secured>
            </dm>
         </participant>
      </entry>
      <entry>
         <string>Agent0025</string>
         <participant class="infection.Agent">
            <dm>
               <myId>Agent0025</myId>
               <time>0</time>
               <roles>
                  <string>agent</string>
               </roles>
               <playerClass>infection.Agent</playerClass>
               <myrolesString>&lt;agent&gt;</myrolesString>
               <randomseed>1135653081986549831</randomseed>
               <infected>false</infected>
               <secured>false</secured>
            </dm>
         </participant>
      </entry>
      <entry>
         <string>Agent0026</string>
         <participant class="infection.Agent">
            <dm>
               <myId>Agent0026</myId>
               <time>0</time>
               <roles>
                  <string>agent</string>
               </roles>
               <playerClass>infection.Agent</playerClass>
               <myrolesString>&lt;agent&gt;</myrolesString>
               <randomseed>-6298452733105311522</randomseed>
               <infected>false</infected>
               <secured>false</secured>
            </dm>
         </participant>
      </entry>
      <entry>
         <string>Agent0027</string>
         <participant class="infection.Agent">
            <dm>
               <myId>Agent0027</myId>
               <time>0</time>
               <roles>
                  <string>agent</string>
               </roles>
               <playerClass>infection.Agent</playerClass>
               <myrolesString>&lt;agent&gt;</myrolesString>
               <randomseed>8291301135069267476</randomseed>
               <infected>false</infected>
               <secured>false</secured>
            </dm>
         </participant>
      </entry>
      <entry>
         <string>Agent0028</string>
         <participant class="infection.Agent">
            <dm>
               <myId>Agent0028</myId>
               <time>0</time>
               <roles>
                  <string>agent</string>
               </roles>
               <playerClass>infection.Agent</playerClass>
               <myrolesString>&lt;agent&gt;</myrolesString>
               <randomseed>4734535871537360968</randomseed>
               <infected>false</infected>
               <secured>false</secured>
            </dm>
         </participant>
      </entry>
      <entry>
         <string>Agent0029</string>
         <participant class="infection.Agent">
            <dm>
               <myId>Agent0029</myId>
               <time>0</time>
               <roles>
                  <string>agent</string>
               </roles>
               <playerClass>infection.Agent</playerClass>
               <myrolesString>&lt;agent&gt;</myrolesString>
               <randomseed>4300805683315923010</randomseed>
               <infected>false</infected>
               <secured>false</secured>
            </dm>
         </participant>
      </entry>
      <entry>
         <string>Agent0030</string>
         <participant class="infection.Agent">
            <dm>
               <myId>Agent0030</myId>
               <time>0</time>
               <roles>
                  <string>agent</string>
               </roles>
               <playerClass>infection.Agent</playerClass>
               <myrolesString>&lt;agent&gt;</myrolesString>
               <randomseed>-9062004886252321767</randomseed>
               <infected>false</infected>
               <secured>false</secured>
            </dm>
         </participant>
      </entry>
      <entry>
         <string>Agent0031</string>
         <participant class="infection.Agent">
            <dm>
               <myId>Agent0031</myId>
               <time>0</time>
               <roles>
                  <string>agent</string>
               </roles>
               <playerClass>infection.Agent</playerClass>
               <myrolesString>&lt;agent&gt;</myrolesString>
               <randomseed>2050168385479574832</randomseed>
               <infected>false</infected>
               <secured>false</secured>
            </dm>
         </participant>
      </entry>
      <entry>
         <string>Agent0032</string>
         <participant class="infection.Agent">
            <dm>
               <myId>Agent0032</myId>
               <time>0</time>
               <roles>
                  <string>agent</string>
               </roles>
               <playerClass>infection.Agent</playerClass>
               <myrolesString>&lt;agent&gt;</myrolesString>
               <randomseed>-2144101619611120357</randomseed>
               <infected>false</infected>
               <secured>false</secured>
            </dm>
         </participant>
      </entry>
      <entry>
         <string>Agent0033</string>
         <participant class="infection.Agent">
            <dm>
               <myId>Agent0033</myId>
               <time>0</time>
               <roles>
                  <string>agent</string>
               </roles>
               <playerClass>infection.Agent</playerClass>
               <myrolesString>&lt;agent&gt;</myrolesString>
               <randomseed>5027297884411521136</randomseed>
               <infected>false</infected>
               <secured>false</secured>
            </dm>
         </participant>
      </entry>
      <entry>
         <string>Agent0034</string>
         <participant class="infection.Agent">
            <dm>
               <myId>Agent0034</myId>
               <time>0</time>
               <roles>
                  <string>agent</string>
               </roles>
               <playerClass>infection.Agent</playerClass>
               <myrolesString>&lt;agent&gt;</myrolesString>
               <randomseed>3615801544186169804</randomseed>
               <infected>false</infected>
               <secured>false</secured>
            </dm>
         </participant>
      </entry>
      <entry>
         <string>Agent0035</string>
         <participant class="infection.Agent">
            <dm>
               <myId>Agent0035</myId>
               <time>0</time>
               <roles>
                  <string>agent</string>
               </roles>
               <playerClass>infection.Agent</playerClass>
               <myrolesString>&lt;agent&gt;</myrolesString>
               <randomseed>-2535124467690091367</randomseed>
               <infected>false</infected>
               <secured>false</secured>
            </dm>
         </participant>
      </entry>
      <entry>
         <string>Agent0036</string>
         <participant class="infection.Agent">
            <dm>
               <myId>Agent0036</myId>
               <time>0</time>
               <roles>
                  <string>agent</string>
               </roles>
               <playerClass>infection.Agent</playerClass>
               <myrolesString>&lt;agent&gt;</myrolesString>
               <randomseed>-7410572602048268719</randomseed>
               <infected>false</infected>
               <secured>false</secured>
            </dm>
         </participant>
      </entry>
      <entry>
         <string>Agent0037</string>
         <participant class="infection.Agent">
            <dm>
               <myId>Agent0037</myId>
               <time>0</time>
               <roles>
                  <string>agent</string>
               </roles>
               <playerClass>infection.Agent</playerClass>
               <myrolesString>&lt;agent&gt;</myrolesString>
               <randomseed>4795571701315931739</randomseed>
               <infected>false</infected>
               <secured>false</secured>
            </dm>
         </participant>
      </entry>
      <entry>
         <string>Agent0038</string>
         <participant class="infection.Agent">
            <dm>
               <myId>Agent0038</myId>
               <time>0</time>
               <roles>
                  <string>agent</string>
               </roles>
               <playerClass>infection.Agent</playerClass>
               <myrolesString>&lt;agent&gt;</myrolesString>
               <randomseed>-1111384940646713429</randomseed>
               <infected>false</infected>
               <secured>false</secured>
            </dm>
         </participant>
      </entry>
      <entry>
         <string>Agent0039</string>
         <participant class="infection.Agent">
            <dm>
               <myId>Agent0039</myId>
               <time>0</time>
               <roles>
                  <string>agent</string>
               </roles>
               <playerClass>infection.Agent</playerClass>
               <myrolesString>&lt;agent&gt;</myrolesString>
               <randomseed>-8025761345742463789</randomseed>
               <infected>false</infected>
               <secured>false</secured>
            </dm>
         </participant>
      </entry>
      <entry>
         <string>Agent0040</string>
         <participant class="infection.Agent">
            <dm>
               <myId>Agent0040</myId>
               <time>0</time>
               <roles>
                  <string>agent</string>
               </roles>
               <playerClass>infection.Agent</playerClass>
               <myrolesString>&lt;agent&gt;</myrolesString>
               <randomseed>-7015866364885219800</randomseed>
               <infected>false</infected>
               <secured>false</secured>
            </dm>
         </participant>
      </entry>
      <entry>
         <string>Agent0041</string>
         <participant class="infection.Agent">
            <dm>
               <myId>Agent0041</myId>
               <time>0</time>
               <roles>
                  <string>agent</string>
               </roles>
               <playerClass>infection.Agent</playerClass>
               <myrolesString>&lt;agent&gt;</myrolesString>
               <randomseed>-6445171851571188961</randomseed>
               <infected>false</infected>
               <secured>false</secured>
            </dm>
         </participant>
      </entry>
      <entry>
         <string>Agent0042</string>
         <participant class="infection.Agent">
            <dm>
               <myId>Agent0042</myId>
               <time>0</time>
               <roles>
                  <string>agent</string>
               </roles>
               <playerClass>infection.Agent</playerClass>
               <myrolesString>&lt;agent&gt;</myrolesString>
               <randomseed>6929558504192609051</randomseed>
               <infected>false</infected>
               <secured>false</secured>
            </dm>
         </participant>
      </entry>
      <entry>
         <string>Agent0043</string>
         <participant class="infection.Agent">
            <dm>
               <myId>Agent0043</myId>
               <time>0</time>
               <roles>
                  <string>agent</string>
               </roles>
               <playerClass>infection.Agent</playerClass>
               <myrolesString>&lt;agent&gt;</myrolesString>
               <randomseed>-7980864204297214155</randomseed>
               <infected>false</infected>
               <secured>false</secured>
            </dm>
         </participant>
      </entry>
      <entry>
         <string>Agent0044</string>
         <participant class="infection.Agent">
            <dm>
               <myId>Agent0044</myId>
               <time>0</time>
               <roles>
                  <string>agent</string>
               </roles>
               <playerClass>infection.Agent</playerClass>
               <myrolesString>&lt;agent&gt;</myrolesString>
               <randomseed>-2351318060659120689</randomseed>
               <infected>false</infected>
               <secured>false</secured>
            </dm>
         </participant>
      </entry>
      <entry>
         <string>Agent0045</string>
         <participant class="infection.Agent">
            <dm>
               <myId>Agent0045</myId>
               <time>0</time>
               <roles>
                  <string>agent</string>
               </roles>
               <playerClass>infection.Agent</playerClass>
               <myrolesString>&lt;agent&gt;</myrolesString>
               <randomseed>-7466097242563884560</randomseed>
               <infected>false</infected>
               <secured>false</secured>
            </dm>
         </participant>
      </entry>
      <entry>
         <string>Agent0046</string>
         <participant class="infection.Agent">
            <dm>
               <myId>Agent0046</myId>
               <time>0</time>
               <roles>
                  <string>agent</string>
               </roles>
               <playerClass>infection.Agent</playerClass>
               <myrolesString>&lt;agent&gt;</myrolesString>
               <randomseed>-6865943663270556744</randomseed>
               <infected>false</infected>
               <secured>false</secured>
            </dm>
         </participant>
      </entry>
      <entry>
         <string>Agent0047</string>
         <participant class="infection.Agent">
            <dm>
               <myId>Agent0047</myId>
               <time>0</time>
               <roles>
                  <string>agent</string>
               </roles>
               <playerClass>infection.Agent</playerClass>
               <myrolesString>&lt;agent&gt;</myrolesString>
               <randomseed>-8398338709724474261</randomseed>
               <infected>false</infected>
               <secured>false</secured>
            </dm>
         </participant>
      </entry>
      <entry>
         <string>Agent0048</string>
         <participant class="infection.Agent">
            <dm>
               <myId>Agent0048</myId>
               <time>0</time>
               <roles>
                  <string>agent</string>
               </roles>
               <playerClass>infection.Agent</playerClass>
               <myrolesString>&lt;agent&gt;</myrolesString>
               <randomseed>-7077045924243179541</randomseed>
               <infected>false</infected>
               <secured>false</secured>
            </dm>
         </participant>
      </entry>
      <entry>
         <string>Agent0049</string>
         <participant class="infection.Agent">
            <dm>
               <myId>Agent0049</myId>
               <time>0</time>
               <roles>
                  <string>agent</string>
               </roles>
               <playerClass>infection.Agent</playerClass>
               <myrolesString>&lt;agent&gt;</myrolesString>
               <randomseed>2287556150753545874</randomseed>
               <infected>false</infected>
               <secured>false</secured>
            </dm>
         </participant>
      </entry>
      <entry>
         <string>Agent0050</string>
         <participant class="infection.Agent">
            <dm>
               <myId>Agent0050</myId>
               <time>0</time>
               <roles>
                  <string>agent</string>
               </roles>
               <playerClass>infection.Agent</playerClass>
               <myrolesString>&lt;agent&gt;</myrolesString>
               <randomseed>-4668911435021591089</randomseed>
               <infected>false</infected>
               <secured>false</secured>
            </dm>
         </participant>
      </entry>
      <entry>
         <string>Agent0051</string>
         <participant class="infection.Agent">
            <dm>
               <myId>Agent0051</myId>
               <time>0</time>
               <roles>
                  <string>agent</string>
               </roles>
               <playerClass>infection.Agent</playerClass>
               <myrolesString>&lt;agent&gt;</myrolesString>
               <randomseed>1598035989003885301</randomseed>
               <infected>false</infected>
               <secured>false</secured>
            </dm>
         </participant>
      </entry>
      <entry>
         <string>Agent0052</string>
         <participant class="infection.Agent">
            <dm>
               <myId>Agent0052</myId>
               <time>0</time>
               <roles>
                  <string>agent</string>
               </roles>
               <playerClass>infection.Agent</playerClass>
               <myrolesString>&lt;agent&gt;</myrolesString>
               <randomseed>8621516338140517140</randomseed>
               <infected>false</infected>
               <secured>false</secured>
            </dm>
         </participant>
      </entry>
      <entry>
         <string>Agent0053</string>
         <participant class="infection.Agent">
            <dm>
               <myId>Agent0053</myId>
               <time>0</time>
               <roles>
                  <string>agent</string>
               </roles>
               <playerClass>infection.Agent</playerClass>
               <myrolesString>&lt;agent&gt;</myrolesString>
               <randomseed>1643168827595518943</randomseed>
               <infected>false</infected>
               <secured>false</secured>
            </dm>
         </participant>
      </entry>
      <entry>
         <string>Agent0054</string>
         <participant class="infection.Agent">
            <dm>
               <myId>Agent0054</myId>
               <time>0</time>
               <roles>
                  <string>agent</string>
               </roles>
               <playerClass>infection.Agent</playerClass>
               <myrolesString>&lt;agent&gt;</myrolesString>
               <randomseed>-5038515700688804636</randomseed>
               <infected>false</infected>
               <secured>false</secured>
            </dm>
         </participant>
      </entry>
      <entry>
         <string>Agent0055</string>
         <participant class="infection.Agent">
            <dm>
               <myId>Agent0055</myId>
               <time>0</time>
               <roles>
                  <string>agent</string>
               </roles>
               <playerClass>infection.Agent</playerClass>
               <myrolesString>&lt;agent&gt;</myrolesString>
               <randomseed>-8839996380502514265</randomseed>
               <infected>false</infected>
               <secured>false</secured>
            </dm>
         </participant>
      </entry>
      <entry>
         <string>Agent0056</string>
         <participant class="infection.Agent">
            <dm>
               <myId>Agent0056</myId>
               <time>0</time>
               <roles>
                  <string>agent</string>
               </roles>
               <playerClass>infection.Agent</playerClass>
               <myrolesString>&lt;agent&gt;</myrolesString>
               <randomseed>-2778074296733856679</randomseed>
               <infected>false</infected>
               <secured>false</secured>
            </dm>
         </participant>
      </entry>
      <entry>
         <string>Agent0057</string>
         <participant class="infection.Agent">
            <dm>
               <myId>Agent0057</myId>
               <time>0</time>
               <roles>
                  <string>agent</string>
               </roles>
               <playerClass>infection.Agent</playerClass>
               <myrolesString>&lt;agent&gt;</myrolesString>
               <randomseed>3583226664664701509</randomseed>
               <infected>false</infected>
               <secured>false</secured>
            </dm>
         </participant>
      </entry>
      <entry>
         <string>Agent0058</string>
         <participant class="infection.Agent">
            <dm>
               <myId>Agent0058</myId>
               <time>0</time>
               <roles>
                  <string>agent</string>
               </roles>
               <playerClass>infection.Agent</playerClass>
               <myrolesString>&lt;agent&gt;</myrolesString>
               <randomseed>582659446629217838</randomseed>
               <infected>false</infected>
               <secured>false</secured>
            </dm>
         </participant>
      </entry>
      <entry>
         <string>Agent0059</string>
         <participant class="infection.Agent">
            <dm>
               <myId>Agent0059</myId>
               <time>0</time>
               <roles>
                  <string>agent</string>
               </roles>
               <playerClass>infection.Agent</playerClass>
               <myrolesString>&lt;agent&gt;</myrolesString>
               <randomseed>-8763879492055741913</randomseed>
               <infected>false</infected>
               <secured>false</secured>
            </dm>
         </participant>
      </entry>
      <entry>
         <string>Agent0060</string>
         <participant class="infection.Agent">
            <dm>
               <myId>Agent0060</myId>
               <time>0</time>
               <roles>
                  <string>agent</string>
               </roles>
               <playerClass>infection.Agent</playerClass>
               <myrolesString>&lt;agent&gt;</myrolesString>
               <randomseed>-1923133248559165000</randomseed>
               <infected>false</infected>
               <secured>false</secured>
            </dm>
         </participant>
      </entry>
      <entry>
         <string>Agent0061</string>
         <participant class="infection.Agent">
            <dm>
               <myId>Agent0061</myId>
               <time>0</time>
               <roles>
                  <string>agent</string>
               </roles>
               <playerClass>infection.Agent</playerClass>
               <myrolesString>&lt;agent&gt;</myrolesString>
               <randomseed>7375725421108815429</randomseed>
               <infected>false</infected>
               <secured>false</secured>
            </dm>
         </participant>
      </entry>
      <entry>
         <string>Agent0062</string>
         <participant class="infection.Agent">
            <dm>
               <myId>Agent0062</myId>
               <time>0</time>
               <roles>
                  <string>agent</string>
               </roles>
               <playerClass>infection.Agent</playerClass>
               <myrolesString>&lt;agent&gt;</myrolesString>
               <randomseed>1197106234527193878</randomseed>
               <infected>false</infected>
               <secured>false</secured>
            </dm>
         </participant>
      </entry>
      <entry>
         <string>Agent0063</string>
         <participant class="infection.Agent">
            <dm>
               <myId>Agent0063</myId>
               <time>0</time>
               <roles>
                  <string>agent</string>
               </roles>
               <playerClass>infection.Agent</playerClass>
               <myrolesString>&lt;agent&gt;</myrolesString>
               <randomseed>3393303043399012211</randomseed>
               <infected>false</infected>
               <secured>false</secured>
            </dm>
         </participant>
      </entry>
      <entry>
         <string>Agent0064</string>
         <participant class="infection.Agent">
            <dm>
               <myId>Agent0064</myId>
               <time>0</time>
               <roles>
                  <string>agent</string>
               </roles>
               <playerClass>infection.Agent</playerClass>
               <myrolesString>&lt;agent&gt;</myrolesString>
               <randomseed>1682630341912728743</randomseed>
               <infected>false</infected>
               <secured>false</secured>
            </dm>
         </participant>
      </entry>
      <entry>
         <string>Agent0065</string>
         <participant class="infection.Agent">
            <dm>
               <myId>Agent0065</myId>
               <time>0</time>
               <roles>
                  <string>agent</string>
               </roles>
               <playerClass>infection.Agent</playerClass>
               <myrolesString>&lt;agent&gt;</myrolesString>
               <randomseed>8956542901397958389</randomseed>
               <infected>false</infected>
               <secured>false</secured>
            </dm>
         </participant>
      </entry>
      <entry>
         <string>Agent0066</string>
         <participant class="infection.Agent">
            <dm>
               <myId>Agent0066</myId>
               <time>0</time>
               <roles>
                  <string>agent</string>
               </roles>
               <playerClass>infection.Agent</playerClass>
               <myrolesString>&lt;agent&gt;</myrolesString>
               <randomseed>5510425626698834876</randomseed>
               <infected>false</infected>
               <secured>false</secured>
            </dm>
         </participant>
      </entry>
      <entry>
         <string>Agent0067</string>
         <participant class="infection.Agent">
            <dm>
               <myId>Agent0067</myId>
               <time>0</time>
               <roles>
                  <string>agent</string>
               </roles>
               <playerClass>infection.Agent</playerClass>
               <myrolesString>&lt;agent&gt;</myrolesString>
               <randomseed>5223012538616022104</randomseed>
               <infected>false</infected>
               <secured>false</secured>
            </dm>
         </participant>
      </entry>
      <entry>
         <string>Agent0068</string>
         <participant class="infection.Agent">
            <dm>
               <myId>Agent0068</myId>
               <time>0</time>
               <roles>
                  <string>agent</string>
               </roles>
               <playerClass>infection.Agent</playerClass>
               <myrolesString>&lt;agent&gt;</myrolesString>
               <randomseed>9053678841665668238</randomseed>
               <infected>false</infected>
               <secured>false</secured>
            </dm>
         </participant>
      </entry>
      <entry>
         <string>Agent0069</string>
         <participant class="infection.Agent">
            <dm>
               <myId>Agent0069</myId>
               <time>0</time>
               <roles>
                  <string>agent</string>
               </roles>
               <playerClass>infection.Agent</playerClass>
               <myrolesString>&lt;agent&gt;</myrolesString>
               <randomseed>-7789485345976042369</randomseed>
               <infected>false</infected>
               <secured>false</secured>
            </dm>
         </participant>
      </entry>
      <entry>
         <string>Agent0070</string>
         <participant class="infection.Agent">
            <dm>
               <myId>Agent0070</myId>
               <time>0</time>
               <roles>
                  <string>agent</string>
               </roles>
               <playerClass>infection.Agent</playerClass>
               <myrolesString>&lt;agent&gt;</myrolesString>
               <randomseed>-2985995900609443470</randomseed>
               <infected>false</infected>
               <secured>false</secured>
            </dm>
         </participant>
      </entry>
      <entry>
         <string>Agent0071</string>
         <participant class="infection.Agent">
            <dm>
               <myId>Agent0071</myId>
               <time>0</time>
               <roles>
                  <string>agent</string>
               </roles>
               <playerClass>infection.Agent</playerClass>
               <myrolesString>&lt;agent&gt;</myrolesString>
               <randomseed>-3827246887124949509</randomseed>
               <infected>false</infected>
               <secured>false</secured>
            </dm>
         </participant>
      </entry>
      <entry>
         <string>Agent0072</string>
         <participant class="infection.Agent">
            <dm>
               <myId>Agent0072</myId>
               <time>0</time>
               <roles>
                  <string>agent</string>
               </roles>
               <playerClass>infection.Agent</playerClass>
               <myrolesString>&lt;agent&gt;</myrolesString>
               <randomseed>3337271874900908362</randomseed>
               <infected>false</infected>
               <secured>false</secured>
            </dm>
         </participant>
      </entry>
      <entry>
         <string>Agent0073</string>
         <participant class="infection.Agent">
            <dm>
               <myId>Agent0073</myId>
               <time>0</time>
               <roles>
                  <string>agent</string>
               </roles>
               <playerClass>infection.Agent</playerClass>
               <myrolesString>&lt;agent&gt;</myrolesString>
               <randomseed>68838185961281184</randomseed>
               <infected>false</infected>
               <secured>false</secured>
            </dm>
         </participant>
      </entry>
      <entry>
         <string>Agent0074</string>
         <participant class="infection.Agent">
            <dm>
               <myId>Agent0074</myId>
               <time>0</time>
               <roles>
                  <string>agent</string>
               </roles>
               <playerClass>infection.Agent</playerClass>
               <myrolesString>&lt;agent&gt;</myrolesString>
               <randomseed>858028293643477310</randomseed>
               <infected>false</infected>
               <secured>false</secured>
            </dm>
         </participant>
      </entry>
      <entry>
         <string>Agent0075</string>
         <participant class="infection.Agent">
            <dm>
               <myId>Agent0075</myId>
               <time>0</time>
               <roles>
                  <string>agent</string>
               </roles>
               <playerClass>infection.Agent</playerClass>
               <myrolesString>&lt;agent&gt;</myrolesString>
               <randomseed>-5629035842391648684</randomseed>
               <infected>false</infected>
               <secured>false</secured>
            </dm>
         </participant>
      </entry>
      <entry>
         <string>Agent0076</string>
         <participant class="infection.Agent">
            <dm>
               <myId>Agent0076</myId>
               <time>0</time>
               <roles>
                  <string>agent</string>
               </roles>
               <playerClass>infection.Agent</playerClass>
               <myrolesString>&lt;agent&gt;</myrolesString>
               <randomseed>-4440388679573705300</randomseed>
               <infected>false</infected>
               <secured>false</secured>
            </dm>
         </participant>
      </entry>
      <entry>
         <string>Agent0077</string>
         <participant class="infection.Agent">
            <dm>
               <myId>Agent0077</myId>
               <time>0</time>
               <roles>
                  <string>agent</string>
               </roles>
               <playerClass>infection.Agent</playerClass>
               <myrolesString>&lt;agent&gt;</myrolesString>
               <randomseed>-1437912995524041942</randomseed>
               <infected>false</infected>
               <secured>false</secured>
            </dm>
         </participant>
      </entry>
      <entry>
         <string>Agent0078</string>
         <participant class="infection.Agent">
            <dm>
               <myId>Agent0078</myId>
               <time>0</time>
               <roles>
                  <string>agent</string>
               </roles>
               <playerClass>infection.Agent</playerClass>
               <myrolesString>&lt;agent&gt;</myrolesString>
               <randomseed>8859158624389963356</randomseed>
               <infected>false</infected>
               <secured>false</secured>
            </dm>
         </participant>
      </entry>
      <entry>
         <string>Agent0079</string>
         <participant class="infection.Agent">
            <dm>
               <myId>Agent0079</myId>
               <time>0</time>
               <roles>
                  <string>agent</string>
               </roles>
               <playerClass>infection.Agent</playerClass>
               <myrolesString>&lt;agent&gt;</myrolesString>
               <randomseed>-8555535909120122194</randomseed>
               <infected>false</infected>
               <secured>false</secured>
            </dm>
         </participant>
      </entry>
      <entry>
         <string>Agent0080</string>
         <participant class="infection.Agent">
            <dm>
               <myId>Agent0080</myId>
               <time>0</time>
               <roles>
                  <string>agent</string>
               </roles>
               <playerClass>infection.Agent</playerClass>
               <myrolesString>&lt;agent&gt;</myrolesString>
               <randomseed>24088851385887224</randomseed>
               <infected>false</infected>
               <secured>false</secured>
            </dm>
         </participant>
      </entry>
      <entry>
         <string>Agent0081</string>
         <participant class="infection.Agent">
            <dm>
               <myId>Agent0081</myId>
               <time>0</time>
               <roles>
                  <string>agent</string>
               </roles>
               <playerClass>infection.Agent</playerClass>
               <myrolesString>&lt;agent&gt;</myrolesString>
               <randomseed>-3759007414374607742</randomseed>
               <infected>false</infected>
               <secured>false</secured>
            </dm>
         </participant>
      </entry>
      <entry>
         <string>Agent0082</string>
         <participant class="infection.Agent">
            <dm>
               <myId>Agent0082</myId>
               <time>0</time>
               <roles>
                  <string>agent</string>
               </roles>
               <playerClass>infection.Agent</playerClass>
               <myrolesString>&lt;agent&gt;</myrolesString>
               <randomseed>-3885466840670083910</randomseed>
               <infected>false</infected>
               <secured>false</secured>
            </dm>
         </participant>
      </entry>
      <entry>
         <string>Agent0083</string>
         <participant class="infection.Agent">
            <dm>
               <myId>Agent0083</myId>
               <time>0</time>
               <roles>
                  <string>agent</string>
               </roles>
               <playerClass>infection.Agent</playerClass>
               <myrolesString>&lt;agent&gt;</myrolesString>
               <randomseed>6228626342457530921</randomseed>
               <infected>false</infected>
               <secured>false</secured>
            </dm>
         </participant>
      </entry>
      <entry>
         <string>Agent0084</string>
         <participant class="infection.Agent">
            <dm>
               <myId>Agent0084</myId>
               <time>0</time>
               <roles>
                  <string>agent</string>
               </roles>
               <playerClass>infection.Agent</playerClass>
               <myrolesString>&lt;agent&gt;</myrolesString>
               <randomseed>-8238419301482660249</randomseed>
               <infected>false</infected>
               <secured>false</secured>
            </dm>
         </participant>
      </entry>
      <entry>
         <string>Agent0085</string>
         <participant class="infection.Agent">
            <dm>
               <myId>Agent0085</myId>
               <time>0</time>
               <roles>
                  <string>agent</string>
               </roles>
               <playerClass>infection.Agent</playerClass>
               <myrolesString>&lt;agent&gt;</myrolesString>
               <randomseed>-1310359923356424158</randomseed>
               <infected>false</infected>
               <secured>false</secured>
            </dm>
         </participant>
      </entry>
      <entry>
         <string>Agent0086</string>
         <participant class="infection.Agent">
            <dm>
               <myId>Agent0086</myId>
               <time>0</time>
               <roles>
                  <string>agent</string>
               </roles>
               <playerClass>infection.Agent</playerClass>
               <myrolesString>&lt;agent&gt;</myrolesString>
               <randomseed>7916134866607762299</randomseed>
               <infected>false</infected>
               <secured>false</secured>
            </dm>
         </participant>
      </entry>
      <entry>
         <string>Agent0087</string>
         <participant class="infection.Agent">
            <dm>
               <myId>Agent0087</myId>
               <time>0</time>
               <roles>
                  <string>agent</string>
               </roles>
               <playerClass>infection.Agent</playerClass>
               <myrolesString>&lt;agent&gt;</myrolesString>
               <randomseed>-3760880691759320008</randomseed>
               <infected>false</infected>
               <secured>false</secured>
            </dm>
         </participant>
      </entry>
      <entry>
         <string>Agent0088</string>
         <participant class="infection.Agent">
            <dm>
               <myId>Agent0088</myId>
               <time>0</time>
               <roles>
                  <string>agent</string>
               </roles>
               <playerClass>infection.Agent</playerClass>
               <myrolesString>&lt;agent&gt;</myrolesString>
               <randomseed>8266521847887310245</randomseed>
               <infected>false</infected>
               <secured>false</secured>
            </dm>
         </participant>
      </entry>
      <entry>
         <string>Agent0089</string>
         <participant class="infection.Agent">
            <dm>
               <myId>Agent0089</myId>
               <time>0</time>
               <roles>
                  <string>agent</string>
               </roles>
               <playerClass>infection.Agent</playerClass>
               <myrolesString>&lt;agent&gt;</myrolesString>
               <randomseed>-845686332815362792</randomseed>
               <infected>false</infected>
               <secured>false</secured>
            </dm>
         </participant>
      </entry>
      <entry>
         <string>Agent0090</string>
         <participant class="infection.Agent">
            <dm>
               <myId>Agent0090</myId>
               <time>0</time>
               <roles>
                  <string>agent</string>
               </roles>
               <playerClass>infection.Agent</playerClass>
               <myrolesString>&lt;agent&gt;</myrolesString>
               <randomseed>-46796253515436171</randomseed>
               <infected>false</infected>
               <secured>false</secured>
            </dm>
         </participant>
      </entry>
      <entry>
         <string>Agent0091</string>
         <participant class="infection.Agent">
            <dm>
               <myId>Agent0091</myId>
               <time>0</time>
               <roles>
                  <string>agent</string>
               </roles>
               <playerClass>infection.Agent</playerClass>
               <myrolesString>&lt;agent&gt;</myrolesString>
               <randomseed>443333419636573988</randomseed>
               <infected>false</infected>
               <secured>false</secured>
            </dm>
         </participant>
      </entry>
      <entry>
         <string>Agent0092</string>
         <participant class="infection.Agent">
            <dm>
               <myId>Agent0092</myId>
               <time>0</time>
               <roles>
                  <string>agent</string>
               </roles>
               <playerClass>infection.Agent</playerClass>
               <myrolesString>&lt;agent&gt;</myrolesString>
               <randomseed>8691639997680133971</randomseed>
               <infected>false</infected>
               <secured>false</secured>
            </dm>
         </participant>
      </entry>
      <entry>
         <string>Agent0093</string>
         <participant class="infection.Agent">
            <dm>
               <myId>Agent0093</myId>
               <time>0</time>
               <roles>
                  <string>agent</string>
               </roles>
               <playerClass>infection.Agent</playerClass>
               <myrolesString>&lt;agent&gt;</myrolesString>
               <randomseed>7306167155411880582</randomseed>
               <infected>false</infected>
               <secured>false</secured>
            </dm>
         </participant>
      </entry>
      <entry>
         <string>Agent0094</string>
         <participant class="infection.Agent">
            <dm>
               <myId>Agent0094</myId>
               <time>0</time>
               <roles>
                  <string>agent</string>
               </roles>
               <playerClass>infection.Agent</playerClass>
               <myrolesString>&lt;agent&gt;</myrolesString>
               <randomseed>-4359580576394922573</randomseed>
               <infected>false</infected>
               <secured>false</secured>
            </dm>
         </participant>
      </entry>
      <entry>
         <string>Agent0095</string>
         <participant class="infection.Agent">
            <dm>
               <myId>Agent0095</myId>
               <time>0</time>
               <roles>
                  <string>agent</string>
               </roles>
               <playerClass>infection.Agent</playerClass>
               <myrolesString>&lt;agent&gt;</myrolesString>
               <randomseed>7929100947353063046</randomseed>
               <infected>false</infected>
               <secured>false</secured>
            </dm>
         </participant>
      </entry>
      <entry>
         <string>Agent0096</string>
         <participant class="infection.Agent">
            <dm>
               <myId>Agent0096</myId>
               <time>0</time>
               <roles>
                  <string>agent</string>
               </roles>
               <playerClass>infection.Agent</playerClass>
               <myrolesString>&lt;agent&gt;</myrolesString>
               <randomseed>-1352438426290605434</randomseed>
               <infected>false</infected>
               <secured>false</secured>
            </dm>
         </participant>
      </entry>
      <entry>
         <string>Agent0097</string>
         <participant class="infection.Agent">
            <dm>
               <myId>Agent0097</myId>
               <time>0</time>
               <roles>
                  <string>agent</string>
               </roles>
               <playerClass>infection.Agent</playerClass>
               <myrolesString>&lt;agent&gt;</myrolesString>
               <randomseed>2737644085621104160</randomseed>
               <infected>false</infected>
               <secured>false</secured>
            </dm>
         </participant>
      </entry>
      <entry>
         <string>Agent0098</string>
         <participant class="infection.Agent">
            <dm>
               <myId>Agent0098</myId>
               <time>0</time>
               <roles>
                  <string>agent</string>
               </roles>
               <playerClass>infection.Agent</playerClass>
               <myrolesString>&lt;agent&gt;</myrolesString>
               <randomseed>8976038362672455155</randomseed>
               <infected>false</infected>
               <secured>false</secured>
            </dm>
         </participant>
      </entry>
      <entry>
         <string>Agent0099</string>
         <participant class="infection.Agent">
            <dm>
               <myId>Agent0099</myId>
               <time>0</time>
               <roles>
                  <string>agent</string>
               </roles>
               <playerClass>infection.Agent</playerClass>
               <myrolesString>&lt;agent&gt;</myrolesString>
               <randomseed>-5068079474671074863</randomseed>
               <infected>false</infected>
               <secured>false</secured>
            </dm>
         </participant>
      </entry>
   </treemap>
</participantWrapper>