<envDatatoXML>
   <outputpath>tempoutput/percentinfected.xml</outputpath>
   <pinfected>
      <entry>
         <long>0</long>
         <double>0.0</double>
      </entry>
      <entry>
         <long>1</long>
         <double>1.0</double>
      </entry>
      <entry>
         <long>2</long>
         <double>3.0</double>
      </entry>
      <entry>
         <long>3</long>
         <double>12.0</double>
      </entry>
      <entry>
         <long>4</long>
         <double>48.0</double>
      </entry>
      <entry>
         <long>5</long>
         <double>90.0</double>
      </entry>
      <entry>
         <long>6</long>
         <double>98.0</double>
      </entry>
      <entry>
         <long>7</long>
         <double>99.0</double>
      </entry>
      <entry>
         <long>8</long>
         <double>99.0</double>
      </entry>
      <entry>
         <long>9</long>
         <double>99.0</double>
      </entry>
      <entry>
         <long>10</long>
         <double>99.0</double>
      </entry>
      <entry>
         <long>11</long>
         <double>99.0</double>
      </entry>
      <entry>
         <long>12</long>
         <double>99.0</double>
      </entry>
      <entry>
         <long>13</long>
         <double>99.0</double>
      </entry>
      <entry>
         <long>14</long>
         <double>99.0</double>
      </entry>
      <entry>
         <long>15</long>
         <double>99.0</double>
      </entry>
      <entry>
         <long>16</long>
         <double>99.0</double>
      </entry>
      <entry>
         <long>17</long>
         <double>99.0</double>
      </entry>
      <entry>
         <long>18</long>
         <double>99.0</double>
      </entry>
      <entry>
         <long>19</long>
         <double>99.0</double>
      </entry>
   </pinfected>
</envDatatoXML>