<participantWrapper>
   <treemap>
      <entry>
         <string>Recon05</string>
         <participant class="example.participants.ReconAgent">
            <dm>
               <myId>Recon05</myId>
               <time>0</time>
               <roles>
                  <string>recon</string>
               </roles>
               <playerClass>example.participants.ReconAgent</playerClass>
               <myrolesString>&lt;recon&gt;</myrolesString>
               <randomseed>54366</randomseed>
               <wirelessRange>100</wirelessRange>
               <maximumSpeed>50</maximumSpeed>
               <moveCost>5</moveCost>
               <myBounds/>
               <baseRegion/>
               <position/>
               <positionX>0</positionX>
               <positionY>0</positionY>
               <points>0</points>
               <mySurveys/>
               <myTargets/>
            </dm>
         </participant>
      </entry>
      <entry>
         <string>Recon06</string>
         <participant class="example.participants.ReconAgent">
            <dm>
               <myId>Recon06</myId>
               <time>0</time>
               <roles>
                  <string>recon</string>
               </roles>
               <playerClass>example.participants.ReconAgent</playerClass>
               <myrolesString>&lt;recon&gt;</myrolesString>
               <randomseed>366</randomseed>
               <wirelessRange>100</wirelessRange>
               <maximumSpeed>50</maximumSpeed>
               <moveCost>5</moveCost>
               <myBounds/>
               <baseRegion/>
               <position/>
               <positionX>0</positionX>
               <positionY>0</positionY>
               <points>0</points>
               <mySurveys/>
               <myTargets/>
            </dm>
         </participant>
      </entry>
      <entry>
         <string>Recon07</string>
         <participant class="example.participants.ReconAgent">
            <dm>
               <myId>Recon07</myId>
               <time>0</time>
               <roles>
                  <string>recon</string>
               </roles>
               <playerClass>example.participants.ReconAgent</playerClass>
               <myrolesString>&lt;recon&gt;</myrolesString>
               <randomseed>543</randomseed>
               <wirelessRange>100</wirelessRange>
               <maximumSpeed>50</maximumSpeed>
               <moveCost>5</moveCost>
               <myBounds/>
               <baseRegion/>
               <position/>
               <positionX>0</positionX>
               <positionY>0</positionY>
               <points>0</points>
               <mySurveys/>
               <myTargets/>
            </dm>
         </participant>
      </entry>
      <entry>
         <string>Recon08</string>
         <participant class="example.participants.ReconAgent">
            <dm>
               <myId>Recon08</myId>
               <time>0</time>
               <roles>
                  <string>recon</string>
               </roles>
               <playerClass>example.participants.ReconAgent</playerClass>
               <myrolesString>&lt;recon&gt;</myrolesString>
               <randomseed>68388</randomseed>
               <wirelessRange>100</wirelessRange>
               <maximumSpeed>50</maximumSpeed>
               <moveCost>5</moveCost>
               <myBounds/>
               <baseRegion/>
               <position/>
               <positionX>0</positionX>
               <positionY>0</positionY>
               <points>0</points>
               <mySurveys/>
               <myTargets/>
            </dm>
         </participant>
      </entry>
      <entry>
         <string>Recon09</string>
         <participant class="example.participants.ReconAgent">
            <dm>
               <myId>Recon09</myId>
               <time>0</time>
               <roles>
                  <string>recon</string>
               </roles>
               <playerClass>example.participants.ReconAgent</playerClass>
               <myrolesString>&lt;recon&gt;</myrolesString>
               <randomseed>62911</randomseed>
               <wirelessRange>100</wirelessRange>
               <maximumSpeed>50</maximumSpeed>
               <moveCost>5</moveCost>
               <myBounds/>
               <baseRegion/>
               <position/>
               <positionX>0</positionX>
               <positionY>0</positionY>
               <points>0</points>
               <mySurveys/>
               <myTargets/>
            </dm>
         </participant>
      </entry>
   </treemap>
</participantWrapper>