<participantWrapper>
   <treemap>
      <entry>
         <string>Arbiter</string>
         <participant class="chainstore.Arbiter">
            <dm>
               <myId>Arbiter</myId>
               <time>0</time>
               <roles>
                  <string>arbiter</string>
               </roles>
               <playerClass>chainstore.Arbiter</playerClass>
               <myrolesString>&lt;arbiter&gt;</myrolesString>
               <randomseed>4394282706879903395</randomseed>
               <cfpRate>10</cfpRate>
            </dm>
         </participant>
      </entry>
      <entry>
         <string>Competitor0000</string>
         <participant class="chainstore.CompetitorABlearner">
            <dm>
               <myId>Competitor0000</myId>
               <time>0</time>
               <roles>
                  <string>competitor</string>
               </roles>
               <playerClass>chainstore.CompetitorABlearner</playerClass>
               <myrolesString>&lt;competitor&gt;</myrolesString>
               <randomseed>8485214239485023972</randomseed>
               <alpha>0.2</alpha>
               <beta>0.1</beta>
               <p_nc>0.05</p_nc>
            </dm>
         </participant>
      </entry>
      <entry>
         <string>Competitor0001</string>
         <participant class="chainstore.CompetitorABlearner">
            <dm>
               <myId>Competitor0001</myId>
               <time>0</time>
               <roles>
                  <string>competitor</string>
               </roles>
               <playerClass>chainstore.CompetitorABlearner</playerClass>
               <myrolesString>&lt;competitor&gt;</myrolesString>
               <randomseed>6625110404643053395</randomseed>
               <alpha>0.2</alpha>
               <beta>0.1</beta>
               <p_nc>0.05</p_nc>
            </dm>
         </participant>
      </entry>
      <entry>
         <string>Competitor0002</string>
         <participant class="chainstore.CompetitorABlearner">
            <dm>
               <myId>Competitor0002</myId>
               <time>0</time>
               <roles>
                  <string>competitor</string>
               </roles>
               <playerClass>chainstore.CompetitorABlearner</playerClass>
               <myrolesString>&lt;competitor&gt;</myrolesString>
               <randomseed>2610745448975233104</randomseed>
               <alpha>0.2</alpha>
               <beta>0.1</beta>
               <p_nc>0.05</p_nc>
            </dm>
         </participant>
      </entry>
      <entry>
         <string>Competitor0003</string>
         <participant class="chainstore.CompetitorABlearner">
            <dm>
               <myId>Competitor0003</myId>
               <time>0</time>
               <roles>
                  <string>competitor</string>
               </roles>
               <playerClass>chainstore.CompetitorABlearner</playerClass>
               <myrolesString>&lt;competitor&gt;</myrolesString>
               <randomseed>-1681423218583908093</randomseed>
               <alpha>0.2</alpha>
               <beta>0.1</beta>
               <p_nc>0.05</p_nc>
            </dm>
         </participant>
      </entry>
      <entry>
         <string>Competitor0004</string>
         <participant class="chainstore.CompetitorABlearner">
            <dm>
               <myId>Competitor0004</myId>
               <time>0</time>
               <roles>
                  <string>competitor</string>
               </roles>
               <playerClass>chainstore.CompetitorABlearner</playerClass>
               <myrolesString>&lt;competitor&gt;</myrolesString>
               <randomseed>-2255330444287709549</randomseed>
               <alpha>0.2</alpha>
               <beta>0.1</beta>
               <p_nc>0.05</p_nc>
            </dm>
         </participant>
      </entry>
      <entry>
         <string>Competitor0005</string>
         <participant class="chainstore.CompetitorABlearner">
            <dm>
               <myId>Competitor0005</myId>
               <time>0</time>
               <roles>
                  <string>competitor</string>
               </roles>
               <playerClass>chainstore.CompetitorABlearner</playerClass>
               <myrolesString>&lt;competitor&gt;</myrolesString>
               <randomseed>5889736386760260619</randomseed>
               <alpha>0.2</alpha>
               <beta>0.1</beta>
               <p_nc>0.05</p_nc>
            </dm>
         </participant>
      </entry>
      <entry>
         <string>Competitor0006</string>
         <participant class="chainstore.CompetitorABlearner">
            <dm>
               <myId>Competitor0006</myId>
               <time>0</time>
               <roles>
                  <string>competitor</string>
               </roles>
               <playerClass>chainstore.CompetitorABlearner</playerClass>
               <myrolesString>&lt;competitor&gt;</myrolesString>
               <randomseed>-8254685536920924312</randomseed>
               <alpha>0.2</alpha>
               <beta>0.1</beta>
               <p_nc>0.05</p_nc>
            </dm>
         </participant>
      </entry>
      <entry>
         <string>Competitor0007</string>
         <participant class="chainstore.CompetitorABlearner">
            <dm>
               <myId>Competitor0007</myId>
               <time>0</time>
               <roles>
                  <string>competitor</string>
               </roles>
               <playerClass>chainstore.CompetitorABlearner</playerClass>
               <myrolesString>&lt;competitor&gt;</myrolesString>
               <randomseed>-5836596408506661676</randomseed>
               <alpha>0.2</alpha>
               <beta>0.1</beta>
               <p_nc>0.05</p_nc>
            </dm>
         </participant>
      </entry>
      <entry>
         <string>Competitor0008</string>
         <participant class="chainstore.CompetitorABlearner">
            <dm>
               <myId>Competitor0008</myId>
               <time>0</time>
               <roles>
                  <string>competitor</string>
               </roles>
               <playerClass>chainstore.CompetitorABlearner</playerClass>
               <myrolesString>&lt;competitor&gt;</myrolesString>
               <randomseed>-998685884154352561</randomseed>
               <alpha>0.2</alpha>
               <beta>0.1</beta>
               <p_nc>0.05</p_nc>
            </dm>
         </participant>
      </entry>
      <entry>
         <string>Competitor0009</string>
         <participant class="chainstore.CompetitorABlearner">
            <dm>
               <myId>Competitor0009</myId>
               <time>0</time>
               <roles>
                  <string>competitor</string>
               </roles>
               <playerClass>chainstore.CompetitorABlearner</playerClass>
               <myrolesString>&lt;competitor&gt;</myrolesString>
               <randomseed>-5600900684904737954</randomseed>
               <alpha>0.2</alpha>
               <beta>0.1</beta>
               <p_nc>0.05</p_nc>
            </dm>
         </participant>
      </entry>
      <entry>
         <string>Competitor0010</string>
         <participant class="chainstore.CompetitorABlearner">
            <dm>
               <myId>Competitor0010</myId>
               <time>0</time>
               <roles>
                  <string>competitor</string>
               </roles>
               <playerClass>chainstore.CompetitorABlearner</playerClass>
               <myrolesString>&lt;competitor&gt;</myrolesString>
               <randomseed>-2757191397595763844</randomseed>
               <alpha>0.2</alpha>
               <beta>0.1</beta>
               <p_nc>0.05</p_nc>
            </dm>
         </participant>
      </entry>
      <entry>
         <string>Competitor0011</string>
         <participant class="chainstore.CompetitorABlearner">
            <dm>
               <myId>Competitor0011</myId>
               <time>0</time>
               <roles>
                  <string>competitor</string>
               </roles>
               <playerClass>chainstore.CompetitorABlearner</playerClass>
               <myrolesString>&lt;competitor&gt;</myrolesString>
               <randomseed>-2157701116674429101</randomseed>
               <alpha>0.2</alpha>
               <beta>0.1</beta>
               <p_nc>0.05</p_nc>
            </dm>
         </participant>
      </entry>
      <entry>
         <string>Competitor0012</string>
         <participant class="chainstore.CompetitorABlearner">
            <dm>
               <myId>Competitor0012</myId>
               <time>0</time>
               <roles>
                  <string>competitor</string>
               </roles>
               <playerClass>chainstore.CompetitorABlearner</playerClass>
               <myrolesString>&lt;competitor&gt;</myrolesString>
               <randomseed>-5557745563227173870</randomseed>
               <alpha>0.2</alpha>
               <beta>0.1</beta>
               <p_nc>0.05</p_nc>
            </dm>
         </participant>
      </entry>
      <entry>
         <string>Competitor0013</string>
         <participant class="chainstore.CompetitorABlearner">
            <dm>
               <myId>Competitor0013</myId>
               <time>0</time>
               <roles>
                  <string>competitor</string>
               </roles>
               <playerClass>chainstore.CompetitorABlearner</playerClass>
               <myrolesString>&lt;competitor&gt;</myrolesString>
               <randomseed>4827365830312118617</randomseed>
               <alpha>0.2</alpha>
               <beta>0.1</beta>
               <p_nc>0.05</p_nc>
            </dm>
         </participant>
      </entry>
      <entry>
         <string>Competitor0014</string>
         <participant class="chainstore.CompetitorABlearner">
            <dm>
               <myId>Competitor0014</myId>
               <time>0</time>
               <roles>
                  <string>competitor</string>
               </roles>
               <playerClass>chainstore.CompetitorABlearner</playerClass>
               <myrolesString>&lt;competitor&gt;</myrolesString>
               <randomseed>-7837222964244315760</randomseed>
               <alpha>0.2</alpha>
               <beta>0.1</beta>
               <p_nc>0.05</p_nc>
            </dm>
         </participant>
      </entry>
      <entry>
         <string>Competitor0015</string>
         <participant class="chainstore.CompetitorABlearner">
            <dm>
               <myId>Competitor0015</myId>
               <time>0</time>
               <roles>
                  <string>competitor</string>
               </roles>
               <playerClass>chainstore.CompetitorABlearner</playerClass>
               <myrolesString>&lt;competitor&gt;</myrolesString>
               <randomseed>7037495145791014311</randomseed>
               <alpha>0.2</alpha>
               <beta>0.1</beta>
               <p_nc>0.05</p_nc>
            </dm>
         </participant>
      </entry>
      <entry>
         <string>Competitor0016</string>
         <participant class="chainstore.CompetitorABlearner">
            <dm>
               <myId>Competitor0016</myId>
               <time>0</time>
               <roles>
                  <string>competitor</string>
               </roles>
               <playerClass>chainstore.CompetitorABlearner</playerClass>
               <myrolesString>&lt;competitor&gt;</myrolesString>
               <randomseed>-4221199074407591285</randomseed>
               <alpha>0.2</alpha>
               <beta>0.1</beta>
               <p_nc>0.05</p_nc>
            </dm>
         </participant>
      </entry>
      <entry>
         <string>Competitor0017</string>
         <participant class="chainstore.CompetitorABlearner">
            <dm>
               <myId>Competitor0017</myId>
               <time>0</time>
               <roles>
                  <string>competitor</string>
               </roles>
               <playerClass>chainstore.CompetitorABlearner</playerClass>
               <myrolesString>&lt;competitor&gt;</myrolesString>
               <randomseed>1656794241958976475</randomseed>
               <alpha>0.2</alpha>
               <beta>0.1</beta>
               <p_nc>0.05</p_nc>
            </dm>
         </participant>
      </entry>
      <entry>
         <string>Competitor0018</string>
         <participant class="chainstore.CompetitorABlearner">
            <dm>
               <myId>Competitor0018</myId>
               <time>0</time>
               <roles>
                  <string>competitor</string>
               </roles>
               <playerClass>chainstore.CompetitorABlearner</playerClass>
               <myrolesString>&lt;competitor&gt;</myrolesString>
               <randomseed>-6682136983463399779</randomseed>
               <alpha>0.2</alpha>
               <beta>0.1</beta>
               <p_nc>0.05</p_nc>
            </dm>
         </participant>
      </entry>
      <entry>
         <string>Competitor0019</string>
         <participant class="chainstore.CompetitorABlearner">
            <dm>
               <myId>Competitor0019</myId>
               <time>0</time>
               <roles>
                  <string>competitor</string>
               </roles>
               <playerClass>chainstore.CompetitorABlearner</playerClass>
               <myrolesString>&lt;competitor&gt;</myrolesString>
               <randomseed>-7427870703782469623</randomseed>
               <alpha>0.2</alpha>
               <beta>0.1</beta>
               <p_nc>0.05</p_nc>
            </dm>
         </participant>
      </entry>
      <entry>
         <string>Competitor0020</string>
         <participant class="chainstore.CompetitorABlearner">
            <dm>
               <myId>Competitor0020</myId>
               <time>0</time>
               <roles>
                  <string>competitor</string>
               </roles>
               <playerClass>chainstore.CompetitorABlearner</playerClass>
               <myrolesString>&lt;competitor&gt;</myrolesString>
               <randomseed>-2533304890676875363</randomseed>
               <alpha>0.2</alpha>
               <beta>0.1</beta>
               <p_nc>0.05</p_nc>
            </dm>
         </participant>
      </entry>
      <entry>
         <string>Competitor0021</string>
         <participant class="chainstore.CompetitorABlearner">
            <dm>
               <myId>Competitor0021</myId>
               <time>0</time>
               <roles>
                  <string>competitor</string>
               </roles>
               <playerClass>chainstore.CompetitorABlearner</playerClass>
               <myrolesString>&lt;competitor&gt;</myrolesString>
               <randomseed>-457691988132165353</randomseed>
               <alpha>0.2</alpha>
               <beta>0.1</beta>
               <p_nc>0.05</p_nc>
            </dm>
         </participant>
      </entry>
      <entry>
         <string>Competitor0022</string>
         <participant class="chainstore.CompetitorABlearner">
            <dm>
               <myId>Competitor0022</myId>
               <time>0</time>
               <roles>
                  <string>competitor</string>
               </roles>
               <playerClass>chainstore.CompetitorABlearner</playerClass>
               <myrolesString>&lt;competitor&gt;</myrolesString>
               <randomseed>-6789620093067494896</randomseed>
               <alpha>0.2</alpha>
               <beta>0.1</beta>
               <p_nc>0.05</p_nc>
            </dm>
         </participant>
      </entry>
      <entry>
         <string>Competitor0023</string>
         <participant class="chainstore.CompetitorABlearner">
            <dm>
               <myId>Competitor0023</myId>
               <time>0</time>
               <roles>
                  <string>competitor</string>
               </roles>
               <playerClass>chainstore.CompetitorABlearner</playerClass>
               <myrolesString>&lt;competitor&gt;</myrolesString>
               <randomseed>1135653081986549831</randomseed>
               <alpha>0.2</alpha>
               <beta>0.1</beta>
               <p_nc>0.05</p_nc>
            </dm>
         </participant>
      </entry>
      <entry>
         <string>Competitor0024</string>
         <participant class="chainstore.CompetitorABlearner">
            <dm>
               <myId>Competitor0024</myId>
               <time>0</time>
               <roles>
                  <string>competitor</string>
               </roles>
               <playerClass>chainstore.CompetitorABlearner</playerClass>
               <myrolesString>&lt;competitor&gt;</myrolesString>
               <randomseed>-6298452733105311522</randomseed>
               <alpha>0.2</alpha>
               <beta>0.1</beta>
               <p_nc>0.05</p_nc>
            </dm>
         </participant>
      </entry>
      <entry>
         <string>Competitor0025</string>
         <participant class="chainstore.CompetitorABlearner">
            <dm>
               <myId>Competitor0025</myId>
               <time>0</time>
               <roles>
                  <string>competitor</string>
               </roles>
               <playerClass>chainstore.CompetitorABlearner</playerClass>
               <myrolesString>&lt;competitor&gt;</myrolesString>
               <randomseed>8291301135069267476</randomseed>
               <alpha>0.2</alpha>
               <beta>0.1</beta>
               <p_nc>0.05</p_nc>
            </dm>
         </participant>
      </entry>
      <entry>
         <string>Competitor0026</string>
         <participant class="chainstore.CompetitorABlearner">
            <dm>
               <myId>Competitor0026</myId>
               <time>0</time>
               <roles>
                  <string>competitor</string>
               </roles>
               <playerClass>chainstore.CompetitorABlearner</playerClass>
               <myrolesString>&lt;competitor&gt;</myrolesString>
               <randomseed>4734535871537360968</randomseed>
               <alpha>0.2</alpha>
               <beta>0.1</beta>
               <p_nc>0.05</p_nc>
            </dm>
         </participant>
      </entry>
      <entry>
         <string>Competitor0027</string>
         <participant class="chainstore.CompetitorABlearner">
            <dm>
               <myId>Competitor0027</myId>
               <time>0</time>
               <roles>
                  <string>competitor</string>
               </roles>
               <playerClass>chainstore.CompetitorABlearner</playerClass>
               <myrolesString>&lt;competitor&gt;</myrolesString>
               <randomseed>4300805683315923010</randomseed>
               <alpha>0.2</alpha>
               <beta>0.1</beta>
               <p_nc>0.05</p_nc>
            </dm>
         </participant>
      </entry>
      <entry>
         <string>Competitor0028</string>
         <participant class="chainstore.CompetitorABlearner">
            <dm>
               <myId>Competitor0028</myId>
               <time>0</time>
               <roles>
                  <string>competitor</string>
               </roles>
               <playerClass>chainstore.CompetitorABlearner</playerClass>
               <myrolesString>&lt;competitor&gt;</myrolesString>
               <randomseed>-9062004886252321767</randomseed>
               <alpha>0.2</alpha>
               <beta>0.1</beta>
               <p_nc>0.05</p_nc>
            </dm>
         </participant>
      </entry>
      <entry>
         <string>Competitor0029</string>
         <participant class="chainstore.CompetitorABlearner">
            <dm>
               <myId>Competitor0029</myId>
               <time>0</time>
               <roles>
                  <string>competitor</string>
               </roles>
               <playerClass>chainstore.CompetitorABlearner</playerClass>
               <myrolesString>&lt;competitor&gt;</myrolesString>
               <randomseed>2050168385479574832</randomseed>
               <alpha>0.2</alpha>
               <beta>0.1</beta>
               <p_nc>0.05</p_nc>
            </dm>
         </participant>
      </entry>
      <entry>
         <string>Competitor0030</string>
         <participant class="chainstore.CompetitorABlearner">
            <dm>
               <myId>Competitor0030</myId>
               <time>0</time>
               <roles>
                  <string>competitor</string>
               </roles>
               <playerClass>chainstore.CompetitorABlearner</playerClass>
               <myrolesString>&lt;competitor&gt;</myrolesString>
               <randomseed>-2144101619611120357</randomseed>
               <alpha>0.2</alpha>
               <beta>0.1</beta>
               <p_nc>0.05</p_nc>
            </dm>
         </participant>
      </entry>
      <entry>
         <string>Competitor0031</string>
         <participant class="chainstore.CompetitorABlearner">
            <dm>
               <myId>Competitor0031</myId>
               <time>0</time>
               <roles>
                  <string>competitor</string>
               </roles>
               <playerClass>chainstore.CompetitorABlearner</playerClass>
               <myrolesString>&lt;competitor&gt;</myrolesString>
               <randomseed>5027297884411521136</randomseed>
               <alpha>0.2</alpha>
               <beta>0.1</beta>
               <p_nc>0.05</p_nc>
            </dm>
         </participant>
      </entry>
      <entry>
         <string>Competitor0032</string>
         <participant class="chainstore.CompetitorABlearner">
            <dm>
               <myId>Competitor0032</myId>
               <time>0</time>
               <roles>
                  <string>competitor</string>
               </roles>
               <playerClass>chainstore.CompetitorABlearner</playerClass>
               <myrolesString>&lt;competitor&gt;</myrolesString>
               <randomseed>3615801544186169804</randomseed>
               <alpha>0.2</alpha>
               <beta>0.1</beta>
               <p_nc>0.05</p_nc>
            </dm>
         </participant>
      </entry>
      <entry>
         <string>Competitor0033</string>
         <participant class="chainstore.CompetitorABlearner">
            <dm>
               <myId>Competitor0033</myId>
               <time>0</time>
               <roles>
                  <string>competitor</string>
               </roles>
               <playerClass>chainstore.CompetitorABlearner</playerClass>
               <myrolesString>&lt;competitor&gt;</myrolesString>
               <randomseed>-2535124467690091367</randomseed>
               <alpha>0.2</alpha>
               <beta>0.1</beta>
               <p_nc>0.05</p_nc>
            </dm>
         </participant>
      </entry>
      <entry>
         <string>Competitor0034</string>
         <participant class="chainstore.CompetitorABlearner">
            <dm>
               <myId>Competitor0034</myId>
               <time>0</time>
               <roles>
                  <string>competitor</string>
               </roles>
               <playerClass>chainstore.CompetitorABlearner</playerClass>
               <myrolesString>&lt;competitor&gt;</myrolesString>
               <randomseed>-7410572602048268719</randomseed>
               <alpha>0.2</alpha>
               <beta>0.1</beta>
               <p_nc>0.05</p_nc>
            </dm>
         </participant>
      </entry>
      <entry>
         <string>Competitor0035</string>
         <participant class="chainstore.CompetitorABlearner">
            <dm>
               <myId>Competitor0035</myId>
               <time>0</time>
               <roles>
                  <string>competitor</string>
               </roles>
               <playerClass>chainstore.CompetitorABlearner</playerClass>
               <myrolesString>&lt;competitor&gt;</myrolesString>
               <randomseed>4795571701315931739</randomseed>
               <alpha>0.2</alpha>
               <beta>0.1</beta>
               <p_nc>0.05</p_nc>
            </dm>
         </participant>
      </entry>
      <entry>
         <string>Competitor0036</string>
         <participant class="chainstore.CompetitorABlearner">
            <dm>
               <myId>Competitor0036</myId>
               <time>0</time>
               <roles>
                  <string>competitor</string>
               </roles>
               <playerClass>chainstore.CompetitorABlearner</playerClass>
               <myrolesString>&lt;competitor&gt;</myrolesString>
               <randomseed>-1111384940646713429</randomseed>
               <alpha>0.2</alpha>
               <beta>0.1</beta>
               <p_nc>0.05</p_nc>
            </dm>
         </participant>
      </entry>
      <entry>
         <string>Competitor0037</string>
         <participant class="chainstore.CompetitorABlearner">
            <dm>
               <myId>Competitor0037</myId>
               <time>0</time>
               <roles>
                  <string>competitor</string>
               </roles>
               <playerClass>chainstore.CompetitorABlearner</playerClass>
               <myrolesString>&lt;competitor&gt;</myrolesString>
               <randomseed>-8025761345742463789</randomseed>
               <alpha>0.2</alpha>
               <beta>0.1</beta>
               <p_nc>0.05</p_nc>
            </dm>
         </participant>
      </entry>
      <entry>
         <string>Competitor0038</string>
         <participant class="chainstore.CompetitorABlearner">
            <dm>
               <myId>Competitor0038</myId>
               <time>0</time>
               <roles>
                  <string>competitor</string>
               </roles>
               <playerClass>chainstore.CompetitorABlearner</playerClass>
               <myrolesString>&lt;competitor&gt;</myrolesString>
               <randomseed>-7015866364885219800</randomseed>
               <alpha>0.2</alpha>
               <beta>0.1</beta>
               <p_nc>0.05</p_nc>
            </dm>
         </participant>
      </entry>
      <entry>
         <string>Competitor0039</string>
         <participant class="chainstore.CompetitorABlearner">
            <dm>
               <myId>Competitor0039</myId>
               <time>0</time>
               <roles>
                  <string>competitor</string>
               </roles>
               <playerClass>chainstore.CompetitorABlearner</playerClass>
               <myrolesString>&lt;competitor&gt;</myrolesString>
               <randomseed>-6445171851571188961</randomseed>
               <alpha>0.2</alpha>
               <beta>0.1</beta>
               <p_nc>0.05</p_nc>
            </dm>
         </participant>
      </entry>
      <entry>
         <string>Competitor0040</string>
         <participant class="chainstore.CompetitorABlearner">
            <dm>
               <myId>Competitor0040</myId>
               <time>0</time>
               <roles>
                  <string>competitor</string>
               </roles>
               <playerClass>chainstore.CompetitorABlearner</playerClass>
               <myrolesString>&lt;competitor&gt;</myrolesString>
               <randomseed>6929558504192609051</randomseed>
               <alpha>0.2</alpha>
               <beta>0.1</beta>
               <p_nc>0.05</p_nc>
            </dm>
         </participant>
      </entry>
      <entry>
         <string>Competitor0041</string>
         <participant class="chainstore.CompetitorABlearner">
            <dm>
               <myId>Competitor0041</myId>
               <time>0</time>
               <roles>
                  <string>competitor</string>
               </roles>
               <playerClass>chainstore.CompetitorABlearner</playerClass>
               <myrolesString>&lt;competitor&gt;</myrolesString>
               <randomseed>-7980864204297214155</randomseed>
               <alpha>0.2</alpha>
               <beta>0.1</beta>
               <p_nc>0.05</p_nc>
            </dm>
         </participant>
      </entry>
      <entry>
         <string>Competitor0042</string>
         <participant class="chainstore.CompetitorABlearner">
            <dm>
               <myId>Competitor0042</myId>
               <time>0</time>
               <roles>
                  <string>competitor</string>
               </roles>
               <playerClass>chainstore.CompetitorABlearner</playerClass>
               <myrolesString>&lt;competitor&gt;</myrolesString>
               <randomseed>-2351318060659120689</randomseed>
               <alpha>0.2</alpha>
               <beta>0.1</beta>
               <p_nc>0.05</p_nc>
            </dm>
         </participant>
      </entry>
      <entry>
         <string>Competitor0043</string>
         <participant class="chainstore.CompetitorABlearner">
            <dm>
               <myId>Competitor0043</myId>
               <time>0</time>
               <roles>
                  <string>competitor</string>
               </roles>
               <playerClass>chainstore.CompetitorABlearner</playerClass>
               <myrolesString>&lt;competitor&gt;</myrolesString>
               <randomseed>-7466097242563884560</randomseed>
               <alpha>0.2</alpha>
               <beta>0.1</beta>
               <p_nc>0.05</p_nc>
            </dm>
         </participant>
      </entry>
      <entry>
         <string>Competitor0044</string>
         <participant class="chainstore.CompetitorABlearner">
            <dm>
               <myId>Competitor0044</myId>
               <time>0</time>
               <roles>
                  <string>competitor</string>
               </roles>
               <playerClass>chainstore.CompetitorABlearner</playerClass>
               <myrolesString>&lt;competitor&gt;</myrolesString>
               <randomseed>-6865943663270556744</randomseed>
               <alpha>0.2</alpha>
               <beta>0.1</beta>
               <p_nc>0.05</p_nc>
            </dm>
         </participant>
      </entry>
      <entry>
         <string>Competitor0045</string>
         <participant class="chainstore.CompetitorABlearner">
            <dm>
               <myId>Competitor0045</myId>
               <time>0</time>
               <roles>
                  <string>competitor</string>
               </roles>
               <playerClass>chainstore.CompetitorABlearner</playerClass>
               <myrolesString>&lt;competitor&gt;</myrolesString>
               <randomseed>-8398338709724474261</randomseed>
               <alpha>0.2</alpha>
               <beta>0.1</beta>
               <p_nc>0.05</p_nc>
            </dm>
         </participant>
      </entry>
      <entry>
         <string>Competitor0046</string>
         <participant class="chainstore.CompetitorABlearner">
            <dm>
               <myId>Competitor0046</myId>
               <time>0</time>
               <roles>
                  <string>competitor</string>
               </roles>
               <playerClass>chainstore.CompetitorABlearner</playerClass>
               <myrolesString>&lt;competitor&gt;</myrolesString>
               <randomseed>-7077045924243179541</randomseed>
               <alpha>0.2</alpha>
               <beta>0.1</beta>
               <p_nc>0.05</p_nc>
            </dm>
         </participant>
      </entry>
      <entry>
         <string>Competitor0047</string>
         <participant class="chainstore.CompetitorABlearner">
            <dm>
               <myId>Competitor0047</myId>
               <time>0</time>
               <roles>
                  <string>competitor</string>
               </roles>
               <playerClass>chainstore.CompetitorABlearner</playerClass>
               <myrolesString>&lt;competitor&gt;</myrolesString>
               <randomseed>2287556150753545874</randomseed>
               <alpha>0.2</alpha>
               <beta>0.1</beta>
               <p_nc>0.05</p_nc>
            </dm>
         </participant>
      </entry>
      <entry>
         <string>Competitor0048</string>
         <participant class="chainstore.CompetitorABlearner">
            <dm>
               <myId>Competitor0048</myId>
               <time>0</time>
               <roles>
                  <string>competitor</string>
               </roles>
               <playerClass>chainstore.CompetitorABlearner</playerClass>
               <myrolesString>&lt;competitor&gt;</myrolesString>
               <randomseed>-4668911435021591089</randomseed>
               <alpha>0.2</alpha>
               <beta>0.1</beta>
               <p_nc>0.05</p_nc>
            </dm>
         </participant>
      </entry>
      <entry>
         <string>Competitor0049</string>
         <participant class="chainstore.CompetitorABlearner">
            <dm>
               <myId>Competitor0049</myId>
               <time>0</time>
               <roles>
                  <string>competitor</string>
               </roles>
               <playerClass>chainstore.CompetitorABlearner</playerClass>
               <myrolesString>&lt;competitor&gt;</myrolesString>
               <randomseed>1598035989003885301</randomseed>
               <alpha>0.2</alpha>
               <beta>0.1</beta>
               <p_nc>0.05</p_nc>
            </dm>
         </participant>
      </entry>
      <entry>
         <string>Competitor0050</string>
         <participant class="chainstore.CompetitorABlearner">
            <dm>
               <myId>Competitor0050</myId>
               <time>0</time>
               <roles>
                  <string>competitor</string>
               </roles>
               <playerClass>chainstore.CompetitorABlearner</playerClass>
               <myrolesString>&lt;competitor&gt;</myrolesString>
               <randomseed>8621516338140517140</randomseed>
               <alpha>0.2</alpha>
               <beta>0.1</beta>
               <p_nc>0.05</p_nc>
            </dm>
         </participant>
      </entry>
      <entry>
         <string>Competitor0051</string>
         <participant class="chainstore.CompetitorABlearner">
            <dm>
               <myId>Competitor0051</myId>
               <time>0</time>
               <roles>
                  <string>competitor</string>
               </roles>
               <playerClass>chainstore.CompetitorABlearner</playerClass>
               <myrolesString>&lt;competitor&gt;</myrolesString>
               <randomseed>1643168827595518943</randomseed>
               <alpha>0.2</alpha>
               <beta>0.1</beta>
               <p_nc>0.05</p_nc>
            </dm>
         </participant>
      </entry>
      <entry>
         <string>Competitor0052</string>
         <participant class="chainstore.CompetitorABlearner">
            <dm>
               <myId>Competitor0052</myId>
               <time>0</time>
               <roles>
                  <string>competitor</string>
               </roles>
               <playerClass>chainstore.CompetitorABlearner</playerClass>
               <myrolesString>&lt;competitor&gt;</myrolesString>
               <randomseed>-5038515700688804636</randomseed>
               <alpha>0.2</alpha>
               <beta>0.1</beta>
               <p_nc>0.05</p_nc>
            </dm>
         </participant>
      </entry>
      <entry>
         <string>Competitor0053</string>
         <participant class="chainstore.CompetitorABlearner">
            <dm>
               <myId>Competitor0053</myId>
               <time>0</time>
               <roles>
                  <string>competitor</string>
               </roles>
               <playerClass>chainstore.CompetitorABlearner</playerClass>
               <myrolesString>&lt;competitor&gt;</myrolesString>
               <randomseed>-8839996380502514265</randomseed>
               <alpha>0.2</alpha>
               <beta>0.1</beta>
               <p_nc>0.05</p_nc>
            </dm>
         </participant>
      </entry>
      <entry>
         <string>Competitor0054</string>
         <participant class="chainstore.CompetitorABlearner">
            <dm>
               <myId>Competitor0054</myId>
               <time>0</time>
               <roles>
                  <string>competitor</string>
               </roles>
               <playerClass>chainstore.CompetitorABlearner</playerClass>
               <myrolesString>&lt;competitor&gt;</myrolesString>
               <randomseed>-2778074296733856679</randomseed>
               <alpha>0.2</alpha>
               <beta>0.1</beta>
               <p_nc>0.05</p_nc>
            </dm>
         </participant>
      </entry>
      <entry>
         <string>Competitor0055</string>
         <participant class="chainstore.CompetitorABlearner">
            <dm>
               <myId>Competitor0055</myId>
               <time>0</time>
               <roles>
                  <string>competitor</string>
               </roles>
               <playerClass>chainstore.CompetitorABlearner</playerClass>
               <myrolesString>&lt;competitor&gt;</myrolesString>
               <randomseed>3583226664664701509</randomseed>
               <alpha>0.2</alpha>
               <beta>0.1</beta>
               <p_nc>0.05</p_nc>
            </dm>
         </participant>
      </entry>
      <entry>
         <string>Competitor0056</string>
         <participant class="chainstore.CompetitorABlearner">
            <dm>
               <myId>Competitor0056</myId>
               <time>0</time>
               <roles>
                  <string>competitor</string>
               </roles>
               <playerClass>chainstore.CompetitorABlearner</playerClass>
               <myrolesString>&lt;competitor&gt;</myrolesString>
               <randomseed>582659446629217838</randomseed>
               <alpha>0.2</alpha>
               <beta>0.1</beta>
               <p_nc>0.05</p_nc>
            </dm>
         </participant>
      </entry>
      <entry>
         <string>Competitor0057</string>
         <participant class="chainstore.CompetitorABlearner">
            <dm>
               <myId>Competitor0057</myId>
               <time>0</time>
               <roles>
                  <string>competitor</string>
               </roles>
               <playerClass>chainstore.CompetitorABlearner</playerClass>
               <myrolesString>&lt;competitor&gt;</myrolesString>
               <randomseed>-8763879492055741913</randomseed>
               <alpha>0.2</alpha>
               <beta>0.1</beta>
               <p_nc>0.05</p_nc>
            </dm>
         </participant>
      </entry>
      <entry>
         <string>Competitor0058</string>
         <participant class="chainstore.CompetitorABlearner">
            <dm>
               <myId>Competitor0058</myId>
               <time>0</time>
               <roles>
                  <string>competitor</string>
               </roles>
               <playerClass>chainstore.CompetitorABlearner</playerClass>
               <myrolesString>&lt;competitor&gt;</myrolesString>
               <randomseed>-1923133248559165000</randomseed>
               <alpha>0.2</alpha>
               <beta>0.1</beta>
               <p_nc>0.05</p_nc>
            </dm>
         </participant>
      </entry>
      <entry>
         <string>Competitor0059</string>
         <participant class="chainstore.CompetitorABlearner">
            <dm>
               <myId>Competitor0059</myId>
               <time>0</time>
               <roles>
                  <string>competitor</string>
               </roles>
               <playerClass>chainstore.CompetitorABlearner</playerClass>
               <myrolesString>&lt;competitor&gt;</myrolesString>
               <randomseed>7375725421108815429</randomseed>
               <alpha>0.2</alpha>
               <beta>0.1</beta>
               <p_nc>0.05</p_nc>
            </dm>
         </participant>
      </entry>
      <entry>
         <string>Competitor0060</string>
         <participant class="chainstore.CompetitorABlearner">
            <dm>
               <myId>Competitor0060</myId>
               <time>0</time>
               <roles>
                  <string>competitor</string>
               </roles>
               <playerClass>chainstore.CompetitorABlearner</playerClass>
               <myrolesString>&lt;competitor&gt;</myrolesString>
               <randomseed>1197106234527193878</randomseed>
               <alpha>0.2</alpha>
               <beta>0.1</beta>
               <p_nc>0.05</p_nc>
            </dm>
         </participant>
      </entry>
      <entry>
         <string>Competitor0061</string>
         <participant class="chainstore.CompetitorABlearner">
            <dm>
               <myId>Competitor0061</myId>
               <time>0</time>
               <roles>
                  <string>competitor</string>
               </roles>
               <playerClass>chainstore.CompetitorABlearner</playerClass>
               <myrolesString>&lt;competitor&gt;</myrolesString>
               <randomseed>3393303043399012211</randomseed>
               <alpha>0.2</alpha>
               <beta>0.1</beta>
               <p_nc>0.05</p_nc>
            </dm>
         </participant>
      </entry>
      <entry>
         <string>Competitor0062</string>
         <participant class="chainstore.CompetitorABlearner">
            <dm>
               <myId>Competitor0062</myId>
               <time>0</time>
               <roles>
                  <string>competitor</string>
               </roles>
               <playerClass>chainstore.CompetitorABlearner</playerClass>
               <myrolesString>&lt;competitor&gt;</myrolesString>
               <randomseed>1682630341912728743</randomseed>
               <alpha>0.2</alpha>
               <beta>0.1</beta>
               <p_nc>0.05</p_nc>
            </dm>
         </participant>
      </entry>
      <entry>
         <string>Competitor0063</string>
         <participant class="chainstore.CompetitorABlearner">
            <dm>
               <myId>Competitor0063</myId>
               <time>0</time>
               <roles>
                  <string>competitor</string>
               </roles>
               <playerClass>chainstore.CompetitorABlearner</playerClass>
               <myrolesString>&lt;competitor&gt;</myrolesString>
               <randomseed>8956542901397958389</randomseed>
               <alpha>0.2</alpha>
               <beta>0.1</beta>
               <p_nc>0.05</p_nc>
            </dm>
         </participant>
      </entry>
      <entry>
         <string>Competitor0064</string>
         <participant class="chainstore.CompetitorABlearner">
            <dm>
               <myId>Competitor0064</myId>
               <time>0</time>
               <roles>
                  <string>competitor</string>
               </roles>
               <playerClass>chainstore.CompetitorABlearner</playerClass>
               <myrolesString>&lt;competitor&gt;</myrolesString>
               <randomseed>5510425626698834876</randomseed>
               <alpha>0.2</alpha>
               <beta>0.1</beta>
               <p_nc>0.05</p_nc>
            </dm>
         </participant>
      </entry>
      <entry>
         <string>Competitor0065</string>
         <participant class="chainstore.CompetitorABlearner">
            <dm>
               <myId>Competitor0065</myId>
               <time>0</time>
               <roles>
                  <string>competitor</string>
               </roles>
               <playerClass>chainstore.CompetitorABlearner</playerClass>
               <myrolesString>&lt;competitor&gt;</myrolesString>
               <randomseed>5223012538616022104</randomseed>
               <alpha>0.2</alpha>
               <beta>0.1</beta>
               <p_nc>0.05</p_nc>
            </dm>
         </participant>
      </entry>
      <entry>
         <string>Competitor0066</string>
         <participant class="chainstore.CompetitorABlearner">
            <dm>
               <myId>Competitor0066</myId>
               <time>0</time>
               <roles>
                  <string>competitor</string>
               </roles>
               <playerClass>chainstore.CompetitorABlearner</playerClass>
               <myrolesString>&lt;competitor&gt;</myrolesString>
               <randomseed>9053678841665668238</randomseed>
               <alpha>0.2</alpha>
               <beta>0.1</beta>
               <p_nc>0.05</p_nc>
            </dm>
         </participant>
      </entry>
      <entry>
         <string>Competitor0067</string>
         <participant class="chainstore.CompetitorABlearner">
            <dm>
               <myId>Competitor0067</myId>
               <time>0</time>
               <roles>
                  <string>competitor</string>
               </roles>
               <playerClass>chainstore.CompetitorABlearner</playerClass>
               <myrolesString>&lt;competitor&gt;</myrolesString>
               <randomseed>-7789485345976042369</randomseed>
               <alpha>0.2</alpha>
               <beta>0.1</beta>
               <p_nc>0.05</p_nc>
            </dm>
         </participant>
      </entry>
      <entry>
         <string>Competitor0068</string>
         <participant class="chainstore.CompetitorABlearner">
            <dm>
               <myId>Competitor0068</myId>
               <time>0</time>
               <roles>
                  <string>competitor</string>
               </roles>
               <playerClass>chainstore.CompetitorABlearner</playerClass>
               <myrolesString>&lt;competitor&gt;</myrolesString>
               <randomseed>-2985995900609443470</randomseed>
               <alpha>0.2</alpha>
               <beta>0.1</beta>
               <p_nc>0.05</p_nc>
            </dm>
         </participant>
      </entry>
      <entry>
         <string>Competitor0069</string>
         <participant class="chainstore.CompetitorABlearner">
            <dm>
               <myId>Competitor0069</myId>
               <time>0</time>
               <roles>
                  <string>competitor</string>
               </roles>
               <playerClass>chainstore.CompetitorABlearner</playerClass>
               <myrolesString>&lt;competitor&gt;</myrolesString>
               <randomseed>-3827246887124949509</randomseed>
               <alpha>0.2</alpha>
               <beta>0.1</beta>
               <p_nc>0.05</p_nc>
            </dm>
         </participant>
      </entry>
      <entry>
         <string>Competitor0070</string>
         <participant class="chainstore.CompetitorABlearner">
            <dm>
               <myId>Competitor0070</myId>
               <time>0</time>
               <roles>
                  <string>competitor</string>
               </roles>
               <playerClass>chainstore.CompetitorABlearner</playerClass>
               <myrolesString>&lt;competitor&gt;</myrolesString>
               <randomseed>3337271874900908362</randomseed>
               <alpha>0.2</alpha>
               <beta>0.1</beta>
               <p_nc>0.05</p_nc>
            </dm>
         </participant>
      </entry>
      <entry>
         <string>Competitor0071</string>
         <participant class="chainstore.CompetitorABlearner">
            <dm>
               <myId>Competitor0071</myId>
               <time>0</time>
               <roles>
                  <string>competitor</string>
               </roles>
               <playerClass>chainstore.CompetitorABlearner</playerClass>
               <myrolesString>&lt;competitor&gt;</myrolesString>
               <randomseed>68838185961281184</randomseed>
               <alpha>0.2</alpha>
               <beta>0.1</beta>
               <p_nc>0.05</p_nc>
            </dm>
         </participant>
      </entry>
      <entry>
         <string>Competitor0072</string>
         <participant class="chainstore.CompetitorABlearner">
            <dm>
               <myId>Competitor0072</myId>
               <time>0</time>
               <roles>
                  <string>competitor</string>
               </roles>
               <playerClass>chainstore.CompetitorABlearner</playerClass>
               <myrolesString>&lt;competitor&gt;</myrolesString>
               <randomseed>858028293643477310</randomseed>
               <alpha>0.2</alpha>
               <beta>0.1</beta>
               <p_nc>0.05</p_nc>
            </dm>
         </participant>
      </entry>
      <entry>
         <string>Competitor0073</string>
         <participant class="chainstore.CompetitorABlearner">
            <dm>
               <myId>Competitor0073</myId>
               <time>0</time>
               <roles>
                  <string>competitor</string>
               </roles>
               <playerClass>chainstore.CompetitorABlearner</playerClass>
               <myrolesString>&lt;competitor&gt;</myrolesString>
               <randomseed>-5629035842391648684</randomseed>
               <alpha>0.2</alpha>
               <beta>0.1</beta>
               <p_nc>0.05</p_nc>
            </dm>
         </participant>
      </entry>
      <entry>
         <string>Competitor0074</string>
         <participant class="chainstore.CompetitorABlearner">
            <dm>
               <myId>Competitor0074</myId>
               <time>0</time>
               <roles>
                  <string>competitor</string>
               </roles>
               <playerClass>chainstore.CompetitorABlearner</playerClass>
               <myrolesString>&lt;competitor&gt;</myrolesString>
               <randomseed>-4440388679573705300</randomseed>
               <alpha>0.2</alpha>
               <beta>0.1</beta>
               <p_nc>0.05</p_nc>
            </dm>
         </participant>
      </entry>
      <entry>
         <string>Competitor0075</string>
         <participant class="chainstore.CompetitorABlearner">
            <dm>
               <myId>Competitor0075</myId>
               <time>0</time>
               <roles>
                  <string>competitor</string>
               </roles>
               <playerClass>chainstore.CompetitorABlearner</playerClass>
               <myrolesString>&lt;competitor&gt;</myrolesString>
               <randomseed>-1437912995524041942</randomseed>
               <alpha>0.2</alpha>
               <beta>0.1</beta>
               <p_nc>0.05</p_nc>
            </dm>
         </participant>
      </entry>
      <entry>
         <string>Competitor0076</string>
         <participant class="chainstore.CompetitorABlearner">
            <dm>
               <myId>Competitor0076</myId>
               <time>0</time>
               <roles>
                  <string>competitor</string>
               </roles>
               <playerClass>chainstore.CompetitorABlearner</playerClass>
               <myrolesString>&lt;competitor&gt;</myrolesString>
               <randomseed>8859158624389963356</randomseed>
               <alpha>0.2</alpha>
               <beta>0.1</beta>
               <p_nc>0.05</p_nc>
            </dm>
         </participant>
      </entry>
      <entry>
         <string>Competitor0077</string>
         <participant class="chainstore.CompetitorABlearner">
            <dm>
               <myId>Competitor0077</myId>
               <time>0</time>
               <roles>
                  <string>competitor</string>
               </roles>
               <playerClass>chainstore.CompetitorABlearner</playerClass>
               <myrolesString>&lt;competitor&gt;</myrolesString>
               <randomseed>-8555535909120122194</randomseed>
               <alpha>0.2</alpha>
               <beta>0.1</beta>
               <p_nc>0.05</p_nc>
            </dm>
         </participant>
      </entry>
      <entry>
         <string>Competitor0078</string>
         <participant class="chainstore.CompetitorABlearner">
            <dm>
               <myId>Competitor0078</myId>
               <time>0</time>
               <roles>
                  <string>competitor</string>
               </roles>
               <playerClass>chainstore.CompetitorABlearner</playerClass>
               <myrolesString>&lt;competitor&gt;</myrolesString>
               <randomseed>24088851385887224</randomseed>
               <alpha>0.2</alpha>
               <beta>0.1</beta>
               <p_nc>0.05</p_nc>
            </dm>
         </participant>
      </entry>
      <entry>
         <string>Competitor0079</string>
         <participant class="chainstore.CompetitorABlearner">
            <dm>
               <myId>Competitor0079</myId>
               <time>0</time>
               <roles>
                  <string>competitor</string>
               </roles>
               <playerClass>chainstore.CompetitorABlearner</playerClass>
               <myrolesString>&lt;competitor&gt;</myrolesString>
               <randomseed>-3759007414374607742</randomseed>
               <alpha>0.2</alpha>
               <beta>0.1</beta>
               <p_nc>0.05</p_nc>
            </dm>
         </participant>
      </entry>
      <entry>
         <string>Competitor0080</string>
         <participant class="chainstore.CompetitorABlearner">
            <dm>
               <myId>Competitor0080</myId>
               <time>0</time>
               <roles>
                  <string>competitor</string>
               </roles>
               <playerClass>chainstore.CompetitorABlearner</playerClass>
               <myrolesString>&lt;competitor&gt;</myrolesString>
               <randomseed>-3885466840670083910</randomseed>
               <alpha>0.2</alpha>
               <beta>0.1</beta>
               <p_nc>0.05</p_nc>
            </dm>
         </participant>
      </entry>
      <entry>
         <string>Competitor0081</string>
         <participant class="chainstore.CompetitorABlearner">
            <dm>
               <myId>Competitor0081</myId>
               <time>0</time>
               <roles>
                  <string>competitor</string>
               </roles>
               <playerClass>chainstore.CompetitorABlearner</playerClass>
               <myrolesString>&lt;competitor&gt;</myrolesString>
               <randomseed>6228626342457530921</randomseed>
               <alpha>0.2</alpha>
               <beta>0.1</beta>
               <p_nc>0.05</p_nc>
            </dm>
         </participant>
      </entry>
      <entry>
         <string>Competitor0082</string>
         <participant class="chainstore.CompetitorABlearner">
            <dm>
               <myId>Competitor0082</myId>
               <time>0</time>
               <roles>
                  <string>competitor</string>
               </roles>
               <playerClass>chainstore.CompetitorABlearner</playerClass>
               <myrolesString>&lt;competitor&gt;</myrolesString>
               <randomseed>-8238419301482660249</randomseed>
               <alpha>0.2</alpha>
               <beta>0.1</beta>
               <p_nc>0.05</p_nc>
            </dm>
         </participant>
      </entry>
      <entry>
         <string>Competitor0083</string>
         <participant class="chainstore.CompetitorABlearner">
            <dm>
               <myId>Competitor0083</myId>
               <time>0</time>
               <roles>
                  <string>competitor</string>
               </roles>
               <playerClass>chainstore.CompetitorABlearner</playerClass>
               <myrolesString>&lt;competitor&gt;</myrolesString>
               <randomseed>-1310359923356424158</randomseed>
               <alpha>0.2</alpha>
               <beta>0.1</beta>
               <p_nc>0.05</p_nc>
            </dm>
         </participant>
      </entry>
      <entry>
         <string>Competitor0084</string>
         <participant class="chainstore.CompetitorABlearner">
            <dm>
               <myId>Competitor0084</myId>
               <time>0</time>
               <roles>
                  <string>competitor</string>
               </roles>
               <playerClass>chainstore.CompetitorABlearner</playerClass>
               <myrolesString>&lt;competitor&gt;</myrolesString>
               <randomseed>7916134866607762299</randomseed>
               <alpha>0.2</alpha>
               <beta>0.1</beta>
               <p_nc>0.05</p_nc>
            </dm>
         </participant>
      </entry>
      <entry>
         <string>Competitor0085</string>
         <participant class="chainstore.CompetitorABlearner">
            <dm>
               <myId>Competitor0085</myId>
               <time>0</time>
               <roles>
                  <string>competitor</string>
               </roles>
               <playerClass>chainstore.CompetitorABlearner</playerClass>
               <myrolesString>&lt;competitor&gt;</myrolesString>
               <randomseed>-3760880691759320008</randomseed>
               <alpha>0.2</alpha>
               <beta>0.1</beta>
               <p_nc>0.05</p_nc>
            </dm>
         </participant>
      </entry>
      <entry>
         <string>Competitor0086</string>
         <participant class="chainstore.CompetitorABlearner">
            <dm>
               <myId>Competitor0086</myId>
               <time>0</time>
               <roles>
                  <string>competitor</string>
               </roles>
               <playerClass>chainstore.CompetitorABlearner</playerClass>
               <myrolesString>&lt;competitor&gt;</myrolesString>
               <randomseed>8266521847887310245</randomseed>
               <alpha>0.2</alpha>
               <beta>0.1</beta>
               <p_nc>0.05</p_nc>
            </dm>
         </participant>
      </entry>
      <entry>
         <string>Competitor0087</string>
         <participant class="chainstore.CompetitorABlearner">
            <dm>
               <myId>Competitor0087</myId>
               <time>0</time>
               <roles>
                  <string>competitor</string>
               </roles>
               <playerClass>chainstore.CompetitorABlearner</playerClass>
               <myrolesString>&lt;competitor&gt;</myrolesString>
               <randomseed>-845686332815362792</randomseed>
               <alpha>0.2</alpha>
               <beta>0.1</beta>
               <p_nc>0.05</p_nc>
            </dm>
         </participant>
      </entry>
      <entry>
         <string>Competitor0088</string>
         <participant class="chainstore.CompetitorABlearner">
            <dm>
               <myId>Competitor0088</myId>
               <time>0</time>
               <roles>
                  <string>competitor</string>
               </roles>
               <playerClass>chainstore.CompetitorABlearner</playerClass>
               <myrolesString>&lt;competitor&gt;</myrolesString>
               <randomseed>-46796253515436171</randomseed>
               <alpha>0.2</alpha>
               <beta>0.1</beta>
               <p_nc>0.05</p_nc>
            </dm>
         </participant>
      </entry>
      <entry>
         <string>Competitor0089</string>
         <participant class="chainstore.CompetitorABlearner">
            <dm>
               <myId>Competitor0089</myId>
               <time>0</time>
               <roles>
                  <string>competitor</string>
               </roles>
               <playerClass>chainstore.CompetitorABlearner</playerClass>
               <myrolesString>&lt;competitor&gt;</myrolesString>
               <randomseed>443333419636573988</randomseed>
               <alpha>0.2</alpha>
               <beta>0.1</beta>
               <p_nc>0.05</p_nc>
            </dm>
         </participant>
      </entry>
      <entry>
         <string>Competitor0090</string>
         <participant class="chainstore.CompetitorABlearner">
            <dm>
               <myId>Competitor0090</myId>
               <time>0</time>
               <roles>
                  <string>competitor</string>
               </roles>
               <playerClass>chainstore.CompetitorABlearner</playerClass>
               <myrolesString>&lt;competitor&gt;</myrolesString>
               <randomseed>8691639997680133971</randomseed>
               <alpha>0.2</alpha>
               <beta>0.1</beta>
               <p_nc>0.05</p_nc>
            </dm>
         </participant>
      </entry>
      <entry>
         <string>Competitor0091</string>
         <participant class="chainstore.CompetitorABlearner">
            <dm>
               <myId>Competitor0091</myId>
               <time>0</time>
               <roles>
                  <string>competitor</string>
               </roles>
               <playerClass>chainstore.CompetitorABlearner</playerClass>
               <myrolesString>&lt;competitor&gt;</myrolesString>
               <randomseed>7306167155411880582</randomseed>
               <alpha>0.2</alpha>
               <beta>0.1</beta>
               <p_nc>0.05</p_nc>
            </dm>
         </participant>
      </entry>
      <entry>
         <string>Competitor0092</string>
         <participant class="chainstore.CompetitorABlearner">
            <dm>
               <myId>Competitor0092</myId>
               <time>0</time>
               <roles>
                  <string>competitor</string>
               </roles>
               <playerClass>chainstore.CompetitorABlearner</playerClass>
               <myrolesString>&lt;competitor&gt;</myrolesString>
               <randomseed>-4359580576394922573</randomseed>
               <alpha>0.2</alpha>
               <beta>0.1</beta>
               <p_nc>0.05</p_nc>
            </dm>
         </participant>
      </entry>
      <entry>
         <string>Competitor0093</string>
         <participant class="chainstore.CompetitorABlearner">
            <dm>
               <myId>Competitor0093</myId>
               <time>0</time>
               <roles>
                  <string>competitor</string>
               </roles>
               <playerClass>chainstore.CompetitorABlearner</playerClass>
               <myrolesString>&lt;competitor&gt;</myrolesString>
               <randomseed>7929100947353063046</randomseed>
               <alpha>0.2</alpha>
               <beta>0.1</beta>
               <p_nc>0.05</p_nc>
            </dm>
         </participant>
      </entry>
      <entry>
         <string>Competitor0094</string>
         <participant class="chainstore.CompetitorABlearner">
            <dm>
               <myId>Competitor0094</myId>
               <time>0</time>
               <roles>
                  <string>competitor</string>
               </roles>
               <playerClass>chainstore.CompetitorABlearner</playerClass>
               <myrolesString>&lt;competitor&gt;</myrolesString>
               <randomseed>-1352438426290605434</randomseed>
               <alpha>0.2</alpha>
               <beta>0.1</beta>
               <p_nc>0.05</p_nc>
            </dm>
         </participant>
      </entry>
      <entry>
         <string>Competitor0095</string>
         <participant class="chainstore.CompetitorABlearner">
            <dm>
               <myId>Competitor0095</myId>
               <time>0</time>
               <roles>
                  <string>competitor</string>
               </roles>
               <playerClass>chainstore.CompetitorABlearner</playerClass>
               <myrolesString>&lt;competitor&gt;</myrolesString>
               <randomseed>2737644085621104160</randomseed>
               <alpha>0.2</alpha>
               <beta>0.1</beta>
               <p_nc>0.05</p_nc>
            </dm>
         </participant>
      </entry>
      <entry>
         <string>Competitor0096</string>
         <participant class="chainstore.CompetitorABlearner">
            <dm>
               <myId>Competitor0096</myId>
               <time>0</time>
               <roles>
                  <string>competitor</string>
               </roles>
               <playerClass>chainstore.CompetitorABlearner</playerClass>
               <myrolesString>&lt;competitor&gt;</myrolesString>
               <randomseed>8976038362672455155</randomseed>
               <alpha>0.2</alpha>
               <beta>0.1</beta>
               <p_nc>0.05</p_nc>
            </dm>
         </participant>
      </entry>
      <entry>
         <string>Competitor0097</string>
         <participant class="chainstore.CompetitorABlearner">
            <dm>
               <myId>Competitor0097</myId>
               <time>0</time>
               <roles>
                  <string>competitor</string>
               </roles>
               <playerClass>chainstore.CompetitorABlearner</playerClass>
               <myrolesString>&lt;competitor&gt;</myrolesString>
               <randomseed>-5068079474671074863</randomseed>
               <alpha>0.2</alpha>
               <beta>0.1</beta>
               <p_nc>0.05</p_nc>
            </dm>
         </participant>
      </entry>
      <entry>
         <string>Competitor0098</string>
         <participant class="chainstore.CompetitorABlearner">
            <dm>
               <myId>Competitor0098</myId>
               <time>0</time>
               <roles>
                  <string>competitor</string>
               </roles>
               <playerClass>chainstore.CompetitorABlearner</playerClass>
               <myrolesString>&lt;competitor&gt;</myrolesString>
               <randomseed>2687318314929416262</randomseed>
               <alpha>0.2</alpha>
               <beta>0.1</beta>
               <p_nc>0.05</p_nc>
            </dm>
         </participant>
      </entry>
      <entry>
         <string>Competitor0099</string>
         <participant class="chainstore.CompetitorABlearner">
            <dm>
               <myId>Competitor0099</myId>
               <time>0</time>
               <roles>
                  <string>competitor</string>
               </roles>
               <playerClass>chainstore.CompetitorABlearner</playerClass>
               <myrolesString>&lt;competitor&gt;</myrolesString>
               <randomseed>2522953420376753</randomseed>
               <alpha>0.2</alpha>
               <beta>0.1</beta>
               <p_nc>0.05</p_nc>
            </dm>
         </participant>
      </entry>
      <entry>
         <string>Monopolist</string>
         <participant class="chainstore.MonopolistThres">
            <dm>
               <myId>Monopolist</myId>
               <time>0</time>
               <roles>
                  <string>monopolist</string>
               </roles>
               <playerClass>chainstore.MonopolistThres</playerClass>
               <myrolesString>&lt;monopolist&gt;</myrolesString>
               <randomseed>8066793506091516752</randomseed>
               <myThreshold>0</myThreshold>
            </dm>
         </participant>
      </entry>
   </treemap>
</participantWrapper>